[
    
///////////////////////////////////////// Pantheon beliefs /////////////////////////////////////////
    
    {
        "name": "Ancestor Worship",
        "type": "Pantheon",
        "uniques": ["[+1 Faith] from every [Monument]"]
    },
    {
        "name": "Dance of the Aurora",
        "type": "Pantheon",
        "uniques": ["[+1 Faith] from [Tundra] tiles without [Forest] [in this city]"]
    },
    {
        "name": "Desert Folklore",
        "type": "Pantheon",
        "uniques": ["[+1 Faith] from [Desert] tiles without [Flood plains] [in this city]"]
    },
    {
        "name": "Faith Healers",
        "type": "Pantheon",
        "uniques": ["[All] Units adjacent to this city heal [+33] HP per turn when healing"]
    },
    {
        "name": "Fertility Rites",
        "type": "Pantheon",
        "uniques": ["[+25]% growth [in this city]"]
    },
    {
        "name": "God of Craftsman",
        "type": "Pantheon",
        "uniques": ["[+1 Production] from every [Strategic resource]"]
    },
    {
        "name": "God of the Open Sky",
        "type": "Pantheon",
        "uniques": ["[+1 Culture] from every [Pasture]"]
    },
    {
        "name": "God of the Sea",
        "type": "Pantheon",
        "uniques": ["[+1 Production] from every [Fishing Boats]"]
    },
    {
        "name": "God of War",
        "type": "Pantheon",
        "uniques": ["New [Military] units start with [15] Experience [in this city]"]
    },
    {
        "name": "Goddess of Festivals",
        "type": "Pantheon",
        "uniques": ["[+3]% [Culture] [in this city] <with [Beer]>",
                    "[+3]% [Culture] [in this city] <with [Wine]>",
                    "[+3]% [Culture] [in this city] <with [Rum]>",
                    "[+3]% [Culture] [in this city] <with [Whisky]>",
                    "[+3]% [Culture] [in this city] <with [Vodka]>",
                    "[+3]% [Culture] [in this city] <with [Cognac]>"]
    },
    {
        "name": "Goddess of Love",
        "type": "Pantheon",
        "uniques": ["[-10]% Unhappiness from [Population] [in this city]"]
    },
    {
        "name": "Goddess of Protection",
        "type": "Pantheon",
        "uniques": ["[+33]% Strength for cities <when attacking>"]
    },
    {
        "name": "Goddess of the Hunt",
        "type": "Pantheon",
        "uniques": ["[+1 Food] from every [Camp]"]
    },
    {
        "name": "Messenger of the Gods",
        "type": "Pantheon",
        "uniques": ["[+1 Science] per [4] population [in all cities connected to capital]"]
    },
    {
        "name": "Monument to the Gods",
        "type": "Pantheon",
        "uniques": ["[+10]% Production when constructing [All] wonders [in cities following this religion]", "[+1 Faith] from every [Wonder]"]
    },
    {
        "name": "One with Nature",
        "type": "Pantheon",
        "uniques": ["[+1 Faith] from [Resource] tiles [in this city]", "[-1 Faith] from [Improvement] tiles [in this city] <in [Resource] tiles>"]
    },
    {
        "name": "Oral Tradition",
        "type": "Pantheon",
        "uniques": ["[+1 Culture] from every [Plantation]"]
    },
    {
        "name": "Religious Idols",
        "type": "Pantheon",
        "uniques": ["[+1 Faith] from every [Gold Ore]", "[+1 Faith] from every [Silver]", "[+1 Faith] from every [Gems]"]
    },
    {
        "name": "Sacred Path",
        "type": "Pantheon",
        "uniques": ["[+1 Culture] from every [Jungle]"]
    },
    {
        "name": "Sacred Waters",
        "type": "Pantheon",
        "uniques": ["[+2 Faith] in cities on [River] tiles"]
    },
    {
        "name": "Stone Circles",
        "type": "Pantheon",
        "uniques": ["[+2 Faith] from every [Stone]"]
    },
    {
        "name": "Oracles of the Mountains",
        "type": "Pantheon",
        "uniques": ["[+1 Culture] from every [Mountain]"]
    },
///////////////////////////////////////// Follower beliefs /////////////////////////////////////////
     {
        "name": "Religious Teetotality",
        "type": "Follower",
        "uniques": ["[+3]% [Faith] [in this city] <without [Beer]>",
                    "[+3]% [Faith] [in this city] <without [Wine]>",
                    "[+3]% [Faith] [in this city] <without [Rum]>",
                    "[+3]% [Faith] [in this city] <without [Whisky]>",
                    "[+3]% [Faith] [in this city] <without [Vodka]>",
                    "[+3]% [Faith] [in this city] <without [Cognac]>"]
    },
    {
        "name": "Cathedrals",
        "type": "Follower",
        "uniques": ["May buy [Cathedral] buildings with [Faith] [in cities following this religion]"]
    },
    {
        "name": "Gurdwaras",
        "type": "Follower",
        "uniques": ["May buy [Gurdwara] buildings with [Faith] [in cities following this religion]"]
    },
    {
        "name": "Choral Music",
        "type": "Follower",
        "uniques": ["[+1 Culture] from all [Faith] buildings"]
    },
    {
        "name": "Divine inspiration",
        "type": "Follower",
        "uniques": ["[+2 Science] from every [Wonder]"]
    },
    {
        "name": "Feed the World",
        "type": "Follower",
        "uniques": ["[+1 Food] from all [Faith] buildings"]
    },
    {
        "name": "Guruship",
        "type": "Follower",
        "uniques": ["[+1 Culture, +1 Happiness] [in cities following this religion] <in cities with at least [1] [Specialists]>"]
    },
    {
        "name": "Holy Warriors",
        "type": "Follower",
        "uniques": ["May buy [{Military} {Land}] units with [Faith] for [2] times their normal Production cost <before the [Industrial era]>"]
    },
    {
        "name": "Liturgical Drama",
        "type": "Follower",
        "uniques": ["[+1 Faith] from all [Culture] buildings <in cities with at least [6] [Followers of this Religion]>"]
    },
    {
        "name": "Theological Schools",
        "type": "Follower",
        "uniques": ["[+1 Faith] from all [Science] buildings <in cities with at least [6] [Followers of this Religion]>"]
    }
    {
        "name": "Mosques",
        "type": "Follower",
        "uniques": ["May buy [Mosque] buildings with [Faith] [in cities following this religion]"]
    },
    {
        "name": "Pagodas",
        "type": "Follower",
        "uniques": ["May buy [Pagoda] buildings with [Faith] [in cities following this religion]"]
    },
    {
        "name": "Wats",
        "type": "Follower",
        "uniques": ["May buy [Wat] buildings with [Faith] [in cities following this religion]"]
    },
    {
        "name": "Peace Gardens",
        "type": "Follower",
        "uniques": ["[+1 Happiness, +1 Culture] from every [Garden]"]
    },
    {
        "name": "Religious Art",
        "type": "Follower",
        "uniques": ["May buy [Monument] buildings with [Faith] for [2] times their normal Production cost", "May buy [Amphitheater] buildings with [Faith] for [2] times their normal Production cost", "May buy [Opera House] buildings with [Faith] for [2] times their normal Production cost"]
    },
    {
        "name": "Jesuit Education",
        "type": "Follower",
        "uniques": ["May buy [Library] buildings with [Faith] for [2] times their normal Production cost", "May buy [University] buildings with [Faith] for [2] times their normal Production cost", "May buy [Public School] buildings with [Faith] for [2] times their normal Production cost"]
    },
    {
        "name": "Religious Center",
        "type": "Follower",
        "uniques": ["[+100]% Natural religion spread [in holy cities]"]
    },
    {
        "name": "Religious Community",
        "type": "Follower",
        "uniques": ["[+1]% [Production] from every follower, up to [15]%"]
    },
    {
        "name": "Swords into Ploughshares",
        "type": "Follower",
        "uniques": ["[+10]% [Food] [in this city] <when not at war>"]
    },
    {
        "name": "Divine Spark",
        "type": "Follower",
        "uniques": ["[+33]% Great Person generation [in this city]"]
    },
///////////////////////////////////////// Founder beliefs //////////////////////////////////////////

    {
        "name": "Ceremonial Burial",
        "type": "Founder",
        "uniques": ["[+1 Happiness] for each global city following this religion"]
    },
    {
        "name": "Church Property",
        "type": "Founder",
        "uniques": ["[+1 Gold] for each global city following this religion"]
    },
    {
        "name": "Initiation Rites",
        "type": "Founder",
        "uniques": ["[+30 Faith] when a city adopts this religion for the first time (modified by game speed)"]
    },
    {
        "name": "Interfaith Dialogue",
        "type": "Founder",
        "uniques": ["When spreading religion to a city, gain [10] times the amount of followers of other religions as [Science]"]
    },
    {
        "name": "Papal Primacy",
        "type": "Founder",
        "uniques": ["Resting point for Influence with City-States following this religion [+20]"]
    },
    {
        "name": "Peace Loving",
        "type": "Founder",
        "uniques": ["[+1 Happiness] from every [4] global followers [in this city] <when not at war>"]
    },
    {
        "name": "Pilgrimage",
        "type": "Founder",
        "uniques": ["[+1 Faith] for each global city following this religion"]
    },
    {
        "name": "Tithe",
        "type": "Founder",
        "uniques": ["[+1 Gold] from every [4] global followers [in cities following this religion]"]
    },
    {
        "name": "World Church",
        "type": "Founder",
        "uniques": ["[+1 Culture] from every [4] global followers [in this city]"]
    },
////////////////////////////////////// Enhancer beliefs ///////////////////////////////////////

    {
        "name": "Defender of the Faith",
        "type": "Enhancer",
        "uniques": ["[+20]% Strength <for [All] units> <when fighting in [Friendly Land] tiles>"]
        // ToDo: Should only be friendly territory of cities that follow this religion
    },
    {
        "name": "Holy Order",
        "type": "Enhancer",
        "uniques": ["[Faith] cost of purchasing [Missionary] units [-33]%", "[Faith] cost of purchasing [Inquisitor] units [-33]%"]
    },
    {
        "name": "Itinerant Preachers",
        "type": "Enhancer",
        "uniques": ["Religion naturally spreads to cities [+3] tiles away"]
    },
    {
        "name": "Just War",
        "type": "Enhancer",
        "uniques": ["[+20]% Strength <for [All] units> <when fighting in [Enemy Land] tiles>"]
        // ToDo: Should only be enemy territory of cities that follow this religion
    },
    {
        "name": "Messiah",
        "type": "Enhancer",
        "uniques": ["[+25]% Spread Religion Strength <for [Great Prophet] units>", "[-25]% Faith cost of generating Great Prophet equivalents"]
    },
    {
        "name": "Missionary Zeal",
        "type": "Enhancer",
        "uniques": ["[+25]% Spread Religion Strength <for [Missionary] units>"]
    },
    {
        "name": "Religious Texts",
        "type": "Enhancer",
        "uniques": ["[+25]% Natural religion spread [in all cities]", "[+25]% Natural religion spread [in all cities] <after discovering [Printing Press]>"]
    },
    {
        "name": "Religious Unity",
        "type": "Enhancer",
        "uniques": ["[+100]% Natural religion spread [in City-State cities]"]
    },
    {
        "name": "Reliquary",
        "type": "Enhancer",
        "uniques": ["[+50 Faith] whenever a Great Person is expended"]
    },
    {
        "name": "Religious Settlements",
        "type": "Enhancer",
        "uniques": ["May buy [Settler] units with [Faith] for [2] times their normal Production cost", "May buy [Worker] units with [Faith] for [2] times their normal Production cost"]
    },
     {
        "name": "Holy Alliance",
        "type": "Enhancer",
        "uniques": ["Gain [50] [Gold] <upon declaring friendship>", "Gain [50] [Gold] <upon declaring a defensive pact>"]
    }
]

