[
	// Ancient Era

	// Always available
	{
		"name": "Palace",
		"production": 3,
		"science": 3,
		"gold": 3,
		"culture": 1,
		"cityStrength": 3,
		"cost": 100,
		"uniques": ["Indicates the capital city", "[+15]% [Production] [in this city] <during We Love The King Day>", "[+15]% [Gold] [in this city] <during We Love The King Day>", "Limited to [1] per Civilization", "Cost increases by [25] per owned city", "Destroyed when the city is captured"]
	},
	{
		"name": "Monument",
		"culture": 1,
		"cost": 40,
		"hurryCostModifier": 40,
		"maintenance": 1,
		"uniques": ["Destroyed when the city is captured"]
	},
	{
		"name": "Stele",
		"replaces": "Monument",
		"uniqueTo": "Ethiopia",
		"culture": 1,
		"faith": 1,
		"cost": 40,
		"hurryCostModifier": 40,
		"maintenance": 0,
		"uniques": ["Destroyed when the city is captured"] //"Hidden when religion is disabled"
	},
	{
		"name": "Pyramid",
		"replaces": "Monument",
		"uniqueTo": "The Maya",
		"culture": 1,
		"science": 1,
		"cost": 40,
		"maintenance": 0,
		"uniques": ["Destroyed when the city is captured"]
	},
	// Column 1
	{
		"name": "Granary",
		"maintenance": 1,
		"hurryCostModifier": 25,
	        "percentStatBonus": {"food": 10},
	        "cost": 40,
		"requiredTech": "Pottery"
	},
	{
		"name": "Bahay Kubo",
                "replaces": "Granary",
		"uniqueTo": "The Philippines", 
		"cost": 30,
		"maintenance": 0,
		"hurryCostModifier": 25,
	        "percentStatBonus": {"food": 10},
		"uniques": ["[+1 Food] <within [1] tiles of a [Coast]>"]
		
	},
	{
		"name": "Shrine",
                "replaces": "Granary",
		"uniqueTo": "Ashanti",
		"cost": 40,
		"faith": 1,
		"maintenance": 0,
		"hurryCostModifier": 25,
	        "percentStatBonus": {"food": 10, "culture": 10},
		"requiredTech": "Pottery"
		
	},
	{
		"name": "Temple of Artemis",
		"culture": 1,
		"happiness": 2,
		"requiredNearbyImprovedResources": ["Deer", "Ivory", "Truffles", "Furs"],
		"isWonder": true,
		"greatPersonPoints": {"Great Engineer": 1},
		"uniques": ["[+1 Food] from [Camp] tiles [in this city]"],
		"requiredTech": "Archery",
		"quote": "'It is not so much for its beauty that the forest makes a claim upon men's hearts, as for that subtle something, that quality of air, that emanation from old trees, that so wonderfully changes and renews a weary spirit.' - Robert Louis Stevenson"
	},
	// Column 2
	{
		"name": "Stone Works",
		"requiredNearbyImprovedResources": ["Marble", "Stone"],
		"maintenance": 1,
		"hurryCostModifier": 0,
		"uniques": ["[+5]% Production when constructing [All] buildings [in all cities]",
			    "[+1 Production] from [Stone] tiles [in this city]",
                            "[+1 Production] from [Marble] tiles [in this city]"],
		"requiredTech": "Calendar"
	},
	{
		"name": "Stonehenge",
		"faith": 3,
		"culture": 1,
		"isWonder": true,
		"greatPersonPoints": {"Great Engineer": 1},
		"requiredNearbyImprovedResources": ["Stone"],
		 "uniques": ["Gain enough Faith for [33]% of a Great Prophet", "Gain [33] [Science] <upon founding a Pantheon>", "Gain [33] [Science] <upon founding a Religion>", "Gain [33] [Science] <upon enhancing a Religion>", "Hidden when religion is disabled"],
		"requiredTech": "Calendar",
		"quote": "'Time crumbles things; everything grows old and is forgotten under the power of time' - Aristotle"
	},
	{
		"name": "Brewery",
		"cost": 60,
		"culture": 1,
		"maintenance": 1,
                "requiredNearbyImprovedResources": ["Wheat"],
		 "uniques": ["Provides [1] [Beer]"],
		"requiredTech": "Calendar"
	},
	{
		"name": "Pub",
		"replaces": "Brewery",
		"uniqueTo": "Celts",
		"cost": 60,
		"culture": 2,
		"happiness": 1,
		"maintenance": 1,
		 "uniques": ["Provides [1] [Beer]"],
		"requiredTech": "Calendar"
	},
	{
		"name": "Wine Cellar",
		"cost": 60,
		"culture": 1,
		"maintenance": 1,
                "requiredNearbyImprovedResources": ["Grape"],
		 "uniques": ["Provides [1] [Wine]"],
		"requiredTech": "Calendar"
	},
	{
		"name": "Monastery",
		"replaces": "Wine Cellar",
		"uniqueTo": "France",
		"cost": 60,
		"culture": 1,
		"faith": 1,
		"maintenance": 0,
		"requiredNearbyImprovedResources": ["Grape"],
		 "uniques": ["Provides [1] [Wine]", "[+1 Gold, +1 Culture] from [Grape] tiles [in this city]"],
		"requiredTech": "Calendar"
	},
	{
		"name": "Library",
		"hurryCostModifier": 25,
		"maintenance": 1,
		"uniques": ["[+1 Science] per [2] population [in this city]", "[+1 Science] per [4] population [in this city] <after discovering [Mathematics]>"],
		"requiredTech": "Writing"
	},
	{
		"name": "Paper Maker",
		"replaces": "Library",
		"cost": 60,
		"uniqueTo": "China",
		"hurryCostModifier": 25,
		"maintenance": 0,
		"gold": 2,
		"uniques": ["[+1 Science] per [2] population [in this city]", "[+1 Science] per [4] population [in this city] <after discovering [Mathematics]>"],
		"requiredTech": "Writing"
	},
	{
		"name": "The Great Library",
		"science": 3,
		"culture": 1,
		"greatPersonPoints": {"Great Scientist": 1},
		"isWonder": true,
		"requiredTech": "Writing",
		"uniques": ["Must be next to [Water]", "Free Technology", "Gain a free [Library] [in this city]"],
		"quote": "'Libraries are as the shrine where all the relics of the ancient saints, full of true virtue, and all that without delusion or imposture are preserved and reposed.' - Sir Francis Bacon"
	},
	{
		"name": "Circus",
		"requiredNearbyImprovedResources": ["Ivory","Horses"],
		"happiness": 2,
		"hurryCostModifier": 25,
		"requiredTech": "Trapping"
	},
	{
		"name": "Street Carnival",
		"replaces": "Circus", 
		"uniqueTo": "Brazil",
		"happiness": 2,
		"culture": 1,
		"uniques": ["[+100]% Great Person generation [in this city] <during a Golden Age>"],
		"hurryCostModifier": 25,
		"requiredTech": "Trapping"
	},
	{
		"name": "Water Mill",
		"maintenance": 2,
		"food": 2,
		"production": 1,
		"hurryCostModifier": 25,
		"uniques": ["Must be on [River]"],
		"requiredTech": "The Wheel"
	},
	{
		"name": "Floating Gardens",
		"replaces": "Water Mill",
		"uniqueTo": "Aztecs",
		"uniques": ["Must be next to [Fresh water]", "[+1 Food] from [Fresh Water] tiles [in this city]"],
		"hurryCostModifier": 25,
		"maintenance": 2,
		"requiredTech": "The Wheel"
	},
	{
		"name": "Walls",
		"cityStrength": 5,
		"cityHealth": 25,
		"hurryCostModifier": 25,
		"requiredTech": "Masonry",
		"uniques": ["Destroyed when the city is captured", "Obsolete with [Rifling]", "[+1 Culture] <after discovering [Archaeology]>", "[+1 Culture] <after discovering [Flight]>"]
	},
	{
		"name": "Walls of Babylon",
		"replaces": "Walls",
		"cost": 40,
		"uniqueTo": "Babylon",
		"culture": 1,
		"cityStrength": 5,
		"cityHealth": 50,
		"hurryCostModifier": 25,
		"requiredTech": "Masonry",
		"uniques": ["Destroyed when the city is captured", "Obsolete with [Rifling]", "[+1 Culture] <after discovering [Archaeology]>", "[+1 Culture] <after discovering [Flight]>"]
	},
	{
		"name": "Tsikhe",
		"replaces": "Walls",
		"cost": 60,
		"uniqueTo": "Georgia",
		"faith": 1,
		"cityStrength": 8,
		"cityHealth": 25,
		"hurryCostModifier": 25,
		"requiredTech": "Masonry",
		"uniques": ["[+25]% [Faith] [in this city] <during We Love The King Day>", "Destroyed when the city is captured", "Obsolete with [Rifling]", "[+1 Culture] <after discovering [Archaeology]>", "[+1 Culture] <after discovering [Flight]>"]
	},
	{
		"name": "The Pyramids",
		"culture": 1,
		"greatPersonPoints": {"Great Engineer": 1},
		"isWonder": true,
		"uniques": ["Must be next to [Desert]", "Must not be on [Hill]", "[-25]% construction time for [All] improvements", "[1] free [Worker] units appear"],
		"requiredTech": "Masonry",
		"quote": "'O, let not the pains of death which come upon thee enter into my body. I am the god Tem, and I am the foremost part of the sky, and the power which protecteth me is that which is with all the gods forever.' - The Book of the Dead, translated by Sir Ernest Alfred Wallis Budge"
	},
	{
		"name": "Mausoleum of Halicarnassus",
		"culture": 1,
		"greatPersonPoints": {"Great Merchant": 1},
		"isWonder": true,
		"uniques": ["Provides a sum of gold each time you spend a Great Person", "Must be next to [Water]",
			"Provides [1] [Marble]"],
		"requiredTech": "Masonry",
		"quote": "'The whole earth is the tomb of heroic men and their story is not given only on stone over their clay but abides everywhere without visible symbol woven into the stuff of other men's lives.' - Pericles"
	},
	{
		"name": "Barracks",
		"hurryCostModifier": 25,
		"maintenance": 1,
		"greatPersonPoints": {"Great General": 1},
		"uniques": ["New [{Land} {Military}] units start with [15] Experience [in this city]", "Destroyed when the city is captured"],
		"requiredTech": "Bronze Working"
	},
	{
		"name": "Krepost",
		"replaces": "Barracks",
		"uniqueTo": "Russia",
		"hurryCostModifier": 25,
		"maintenance": 1,
		"cityStrength": 3,
		"greatPersonPoints": {"Great General": 1},
		"uniques": ["[-25]% Culture cost of natural border growth [in this city]", "[-25]% Gold cost of acquiring tiles [in this city]",
			"New [{Land} {Military}] units start with [15] Experience [in this city]", "Destroyed when the city is captured"],
		"requiredTech": "Bronze Working"
	},
	{
		"name": "Ikanda", 
		"replaces": "Barracks",
		"uniqueTo": "Zulu",
		"food": 1,
		"hurryCostModifier": 25,
		"maintenance": 1,
		"uniques": ["New [{Land} {Military}] units start with [15] Experience [in this city]", "All newly-trained [Sword] units [in this city] receive the [Buffalo Horns I] promotion", "Destroyed when the city is captured"],
		"requiredTech": "Bronze Working"
	},
	{
		"name": "Statue of Zeus",
		"culture": 1,
		"isWonder": true,
		"greatPersonPoints": {"Great General": 1},
		"uniques": ["[+15]% Strength <for [All] units> <vs cities> <when attacking>", "[1] free [Spearman] units appear"],
		"requiredTech": "Bronze Working",
		"quote": "'He spoke, the son of Kronos, and nodded his head with the dark brows, and the immortally anointed hair of the great god swept from his divine head, and all Olympos was shaken' - The Iliad"
		// "Requires [Honor]" in BNW
	},

	// Classical Era

	// Column 3
	{
		"name": "Lighthouse",
		"cost": 75,
		"hurryCostModifier": 25,
		"maintenance": 1,
		"uniques": ["Must be next to [Water]", "[+1 Food] from [Water] tiles [in this city]"],
		"requiredTech": "Optics"
	},
	{
		"name": "The Great Lighthouse",
		"cost": 185,
		"culture": 1,
		"greatPersonPoints": {"Great Merchant": 1},
		"isWonder": true,
		"uniques": ["Must be next to [Water]", "[+1] Movement <for [Water] units>",
			"[+1] Sight <for [Water] units>", "Gain a free [Lighthouse] [in this city]", "[+10]% [Food] [in this city]"],
		"requiredTech": "Optics",
		"quote": "'They that go down to the sea in ships, that do business in great waters; these see the works of the Lord, and his wonders in the deep.' - The Bible, Psalms 107:23-24"
	},
	{
		"name": "Harbor",
		"cost": 95,
		"hurryCostModifier": 25,
		"requiredBuilding": "Lighthouse",
		"greatPersonPoints": {"Great Merchant": 1},
		"uniques": ["[+1 Production] from [Fishing Boats] tiles [in this city]", "[+1 Production] from [Atoll] tiles [in this city]",
			"Connects trade routes over water", "Must be next to [Water]", "New [{Water} {Military}] units start with [15] Experience [in this city]"],
		"requiredTech": "Optics"
	},
	{
		"name": "Stable",
		"maintenance": 1,
		"requiredNearbyImprovedResources": ["Horses","Sheep","Cattle"],
		"hurryCostModifier": 25,
		"uniques": ["[+25]% Production when constructing [Mounted] units [in this city]",
			"[+1 Production] from [Cattle] tiles [in this city]",
			"[+1 Production] from [Horses] tiles [in this city]",
			"[+1 Production] from [Sheep] tiles [in this city]"],
		"requiredTech": "Horseback Riding"
	},
	{
		"name": "Livestock Farm", 
		"replaces": "Stable",
		"uniqueTo": "Argentina",
		"maintenance": 0,
		"requiredNearbyImprovedResources": ["Horses","Sheep","Cattle"],
		"hurryCostModifier": 25,
		"uniques": ["[+25]% Production when constructing [Mounted] units [in this city]",
			"[+1 Production, +1 Gold] from [Cattle] tiles [in this city]",
			"[+1 Production, +1 Gold] from [Horses] tiles [in this city]",
			"[+1 Production, +1 Gold] from [Sheep] tiles [in this city]"],
		"requiredTech": "Horseback Riding"
	},
	{
		"name": "Circus Maximus",
		"cost": 100,
		"culture": 1,
		"isNationalWonder": true,
		"uniques": ["Only available <if [Colosseum] is constructed in all [non-[Puppeted]] cities>", "[-33]% Unhappiness from [Population] [in this city]", "Cost increases by [25] per owned city"],
		"requiredTech": "Horseback Riding"
	},
	{
		"name": "Courthouse",
		"maintenance": 4,
		"hurryCostModifier": 50,
		"uniques": ["Remove extra unhappiness from annexed cities",
			"Can only be built <in [Annexed] cities>"],
		"requiredTech": "Mathematics"
	},
        {
		"name": "Imperial Diet", 
		"replaces": "Courthouse",
		"uniqueTo": "Holy Roman Empire",
		"hurryCostModifier": 25,
		"maintenance": 2,
		"faith": 1,
		"culture": 1,
		"uniques": ["[-25]% Unhappiness from [Population] [in this city] <during We Love The King Day>"],
		"requiredTech": "Mathematics"
	},
	{
		"name": "Hanging Gardens",
		"greatPersonPoints": {"Great Artist": 1},
		"food": 3,
		"culture": 1,
		"isWonder": true,
		"requiredTech": "Mathematics",
		"uniques": ["Must be next to [Fresh water]", "Gain a free [Garden] [in this city]", "[+15]% growth [in all cities]"],
		"quote": "'I think that if ever a mortal heard the word of God it would be in a garden at the cool of the day.' - F. Frankfort Moore"
	},
	{
		"name": "Colosseum",
		"maintenance": 1,
		"happiness": 2,
		"hurryCostModifier": 25,
		"requiredTech": "Construction"
	},
        {
		"name": "Veche",
		"replaces": "Colosseum",
		"cost": 75,
		"happiness": 2,
		"uniqueTo": "Kievan Rus'",
		"hurryCostModifier": 25,
		"uniques": ["[+1 Gold] per [2] social policies adopted", "Destroyed when the city is captured"],
		"maintenance": 0,
		"requiredTech": "Construction"
	},
        {
		"name": "Royal Palace", 
		"replaces": "Colosseum",
		"uniqueTo": "Assyria",
		"happiness": 2,
		"culture": 1,
		"science": 1,
		"cost": 75,
		"uniques": ["Destroyed when the city is captured"],
		"requiredTech": "Mathematics"
	},
	{
		"name": "Terracotta Army",
		"culture": 3,
		"isWonder": true,
		"greatPersonPoints": {"Great Artist": 1},
		"requiredTech": "Construction",
		"uniques": ["Free Social Policy"],
		"quote": "'Regard your soldiers as your children, and they will follow you into the deepest valleys; look on them as your own beloved sons, and they will stand by you even unto death.' - Sun Tzu"
	},
	// Column 4
	{
		"name": "Temple",
		"faith": 2,
		"maintenance": 2,
		"hurryCostModifier": 25,
		"requiredTech": "Philosophy",
		"uniques": ["Hidden when religion is disabled", "Destroyed when the city is captured"]
	},
	{
		"name": "Burial Tomb",
		"replaces": "Temple",
		"uniqueTo": "Egypt",
		"maintenance": 1,
		"uniques": ["Gain [3] [Culture] <upon constructing [Buildings] [in this city]>", "Gain [15] [Culture] <upon constructing [Wonders] [in this city]>", "Destroyed when the city is captured"],
		"faith": 2,
		"hurryCostModifier": 25,
		"requiredTech": "Philosophy"
	},
	{
		"name": "Mud Pyramid Mosque",
		"replaces": "Temple",
		"uniqueTo": "Songhai",
		"maintenance": 1,
		"hurryCostModifier": 25,
		"faith": 2,
		"uniques": ["[Gold] cost of purchasing items in cities [-5]%", "Destroyed when the city is captured"]
		"requiredTech": "Philosophy"
	},
	{
		"name": "Basilica",
		"replaces": "Temple",
		"uniqueTo": "Papal States",
		"maintenance": 1,
		"hurryCostModifier": 25,
		"faith": 2,
		"uniques": ["[Faith] cost of purchasing items in cities [-5]%", "Destroyed when the city is captured"]
		"requiredTech": "Philosophy"
	},
	{
		"name": "National College",
		"cost": 100,
		"culture": 1,
		"greatPersonPoints": {"Great Scientist": 1},
		"isNationalWonder": true,
		"percentStatBonus": {"science": 33},
		"uniques": ["Only available <if [Library] is constructed in all [non-[Puppeted]] cities>", "Cost increases by [25] per owned city"],
		"requiredTech": "Philosophy"
	},
	{
		"name": "The Oracle",
		"culture": 3,
		"greatPersonPoints": {"Great Scientist": 1},
		"isWonder": true,
		"uniques": ["Free Great Person", "[+15]% Great Person generation [in all cities]", "Must be next to [Mountain]"],
		"requiredTech": "Philosophy",
		"quote": "'The ancient Oracle said that I was the wisest of all the Greeks. It is because I alone, of all the Greeks, know that I know nothing' - Socrates"
	},
	{
		"name": "Amphitheater",
		"culture": 2,
		"specialistSlots": {"Artist": 1},
		"requiredBuilding": "Monument",
		"maintenance": 2,
		"hurryCostModifier": 25,
		"uniques": ["Destroyed when the city is captured"],
		"requiredTech": "Drama and Poetry"
	},
        {
		"name": "Acropolis",
		"replaces": "Amphitheater",
		"uniqueTo": "Greece",
		"culture": 2,
		"cityStrength": 3,
		"cityHealth": 15,
		"specialistSlots": {"Artist": 1},
		"requiredBuilding": "Monument",
		"maintenance": 2,
		"hurryCostModifier": 25,
		"uniques": ["Resting point for Influence with City-States is increased by [5] <when not at war>", "Destroyed when the city is captured"],
		"requiredTech": "Drama and Poetry"
	},
	{
		"name": "National Epic",
		"cost": 100,
		"culture": 1,
		"greatPersonPoints": {"Great Artist": 1},
		"isNationalWonder": true,
		"uniques": ["Only available <if [Monument] is constructed in all [non-[Puppeted]] cities>", "[+33]% Great Person generation [in this city]", "Cost increases by [25] per owned city"],
		"requiredTech": "Drama and Poetry"
	},
	{
		"name": "Parthenon",
		"culture": 1,
		"isWonder": true,
		"greatPersonPoints": {"Great General": 1},
		"uniques": ["Must be on [Hill]", "Adopt [Diplomacy]", "Gain [250] [Gold]", "Gain a free [Amphitheater] [in this city]"],
		"requiredTech": "Drama and Poetry",
		"quote": "'Earth proudly wears the Parthenon as the best gem upon her zone.' - Ralph Waldo Emerson"
	},
	{
		"name": "Market",
		"specialistSlots": {"Merchant": 1}, 
		"hurryCostModifier": 25,
		"uniques": ["[+1 Gold] from [Resource] tiles [in this city]"],
		"requiredTech": "Currency"
	},
	{
		"name": "Bazaar",
		"replaces": "Market",
		"uniqueTo": "Arabia",
		"specialistSlots": {"Merchant": 1},
		"hurryCostModifier": 25,
		"uniques": ["Provides 1 extra copy of each improved luxury resource near this City",
			"[+1 Gold] from [Resource] tiles [in this city]", "[+1 Gold] from [Desert] tiles [in this city]"],
		"requiredTech": "Currency"
	},
	{
		"name": "Satrap's Court",
		"replaces": "Market",
		"uniqueTo": "Persia",
		"specialistSlots": {"Merchant": 1},
		"happiness": 2,
		"uniques": ["[+1 Gold] from [Resource] tiles [in this city]"],
		"hurryCostModifier": 25,
		"greatPersonPoints": {"Great General": 1},
		"requiredTech": "Currency"
	},
	{
		"name": "Mint",
		"maintenance": 0,
		"requiredNearbyImprovedResources": ["Gold Ore", "Silver"],
		"hurryCostModifier": 25,
		"greatPersonPoints": {"Great Merchant": 1},
		"percentStatBonus": {"gold": 10},
		"uniques": ["[+1 Gold] from [Gold Ore] tiles [in this city]", "[+1 Gold] from [Silver] tiles [in this city]"],
		"requiredTech": "Currency"
	},
	{ 
		"name": "Petra",
		"culture": 1,
		"isWonder": true,
		"greatPersonPoints": {"Great Engineer": 1},
		"uniques": ["Must be next to [Desert]", "[+1 Food, +1 Production, +1 Gold] from [Desert] tiles without [Flood plains] [in this city]", "[+6 Culture] [in this city] <after discovering [Archaeology]>"],
		"requiredTech": "Currency",
		"quote": "'...who drinks the water I shall give him, says the Lord, will have a spring inside him welling up for eternal life. Let them bring me to your holy mountain in the place where you dwell. Across the desert and through the mountain to the Canyon of the Crescent Moon...' - Indiana Jones"
	},
	{ 
		"name": "Great Zimbabwe",
		"culture": 1,
		"isWonder": true,
		"requiredNearbyImprovedResources": ["Gold Ore","Ivory"],
		"greatPersonPoints": {"Great Merchant": 1},
		"uniques": ["Must be on [Hill]", "[+1 Gold] from [Resource] tiles [in this city]"],
		"requiredTech": "Currency",
		"quote": "'Among the gold mines of the inland plains between the Limpopo and Zambezi rivers there is a fortress built of stones of marvelous size, and there appears to be no mortar joining them ... This edifice is almost surrounded by hills, upon which are others resembling it in the fashioning of stone and the absence of mortar, and one of them is a tower more than 12 fathoms high.\nThe natives of the country call these edifices Symbaoe, which according to their language signifies court.' - Vicente Pegado"
	},
	{
		"name": "Aqueduct",
		"food": 1,
		"maintenance": 1,
		"hurryCostModifier": 0,
		"requiredBuilding": "Granary",
		"uniques": ["[+2 Food] <in tiles without [Fresh Water]>"],
		"requiredTech": "Engineering"
	},
	{
		"name": "Baray",
		"replaces": "Aqueduct",
		"uniqueTo": "Siam",
		"food": 1,
		"maintenance": 1,
		"hurryCostModifier": 0,
		"requiredBuilding": "Granary",
		"uniques": ["[+10]% [Food] [in this city]", "[+2 Food] <in tiles without [Fresh Water]>"],
		"requiredTech": "Engineering"
	},
	{
		"name": "Great Wall",
		"culture": 1,
		"greatPersonPoints": {"Great Engineer": 1},
		"isWonder": true,
		"uniques": ["Enemy [Mounted] units must spend [2] extra movement points when inside your territory", "Provides a [Walls] in your first [4] cities for free"],
		"requiredTech": "Engineering",
		"quote": "'The art of war teaches us to rely not on the likelihood of the enemy's not attacking, but rather on the fact that we have made our position unassailable.' - Sun Tzu"
	},
	{
		"name": "Heroic Epic",
		"cost": 100,
		"culture": 1,
		"isNationalWonder": true,
		"greatPersonPoints": {"Great General": 1},
		"uniques": ["Only available <if [Barracks] is constructed in all [non-[Puppeted]] cities>", "All newly-trained [non-air] units [in this city] receive the [Morale] promotion",
			"Cost increases by [25] per owned city"],
		"requiredTech": "Iron Working"
	},
	{
		"name": "Colossus",
		"cost": 185,
		"culture": 1,
		"gold": 3,
		"greatPersonPoints": {"Great Merchant": 1},
		"isWonder": true,
		"uniques": ["Must be next to [Water]", "[+1 Gold] from [Water] tiles [in this city]", "Gain a free [Harbor] [in this city]"],
		"requiredTech": "Iron Working",
		"quote": "'Why man, he doth bestride the narrow world like a colossus, and we petty men walk under his huge legs, and peep about to find ourselves dishonorable graves.' - William Shakespeare, Julius Caesar"
	},

	// Medieval Era

	// Column 5
	{
		"name": "Garden",
		"uniques": ["[+33]% Great Person generation [in this city]", "Must be next to [Fresh water]"],
		"hurryCostModifier": 25,
		"maintenance": 1,
		"requiredTech": "Theology"
	},
	{
		"name": "Hagia Sophia",
		"culture": 1,
		"faith": 3,
		"isWonder": true,
		"greatPersonPoints": {"Great Artist": 1},
		"uniques": ["When spreading religion to a city, gain [10] times the amount of followers of other religions as [Culture]", "Gain a free [Temple] [in this city]", "Hidden when religion is disabled"],
		"requiredTech": "Theology",
		"quote": "'For it soars to a height to match the sky, and as if surging up from among the other buildings it stands on high and looks down upon the remainder of the city, adorning it, because it is a part of it, but glorying in its own beauty' - Procopius, De Aedificis"
	},
	{
		"name": "Great Mosque of Djenne",
		"culture": 1,
		"faith": 3,
		"greatPersonPoints": {"Great Engineer": 1},
		"isWonder": true,
		"uniques": ["Must be next to [Desert]", "Gain a free [Mosque] [in this city]", "[+1 Science] from all [Faith] buildings", "Hidden when religion is disabled"],
		"requiredTech": "Theology",
		"quote": "'With the magnificence of eternity before us, let time, with all its fluctuations, dwindle into its own littleness.' - Thomas Chalmers"
	},
	{
		"name": "Grand Temple",
		"cost": 100,
		"culture": 1,
		"faith": 3,
		"uniques": ["Only available <if [Temple] is constructed in all [non-[Puppeted]] cities>", "Cost increases by [25] per owned city",
			"[+33]% Natural religion spread [in this city]", "All newly-trained [Missionary] units [in this city] receive the [Devout] promotion", "All newly-trained [Great Prophet] units [in this city] receive the [Devout] promotion", "Hidden when religion is disabled", "Can only be built <in [Holy] cities>"],
		"requiredTech": "Theology",
		"isNationalWonder": true
	},
	{
		"name": "Rum Distillery",
		"cost": 145,
		"culture": 1,
		"maintenance": 1,
                "requiredNearbyImprovedResources": ["Sugar"],
		 "uniques": ["Only available <in cities without a [Vodka Distillery]>", "Only available <in cities without a [Whisky Distillery]>", "Only available <in cities without a [Cognac Distillery]>", "Provides [1] [Rum]"],
		"requiredTech": "Distillation"
	},
	{
		"name": "Whisky Distillery",
		"cost": 145,
		"culture": 1,
		"maintenance": 1,
                "requiredNearbyImprovedResources": ["Wheat"],
		 "uniques": ["Only available <in cities without a [Rum Distillery]>", "Only available <in cities without a [Vodka Distillery]>", "Only available <in cities without a [Cognac Distillery]>", "Provides [1] [Whisky]"],
		"requiredTech": "Distillation"
	},
	{
		"name": "Vodka Distillery",
		"cost": 145,
		"culture": 1,
		"maintenance": 1,
                "requiredNearbyImprovedResources": ["Wheat"],
		 "uniques": ["Only available <in cities without a [Rum Distillery]>", "Only available <in cities without a [Whisky Distillery]>", "Only available <in cities without a [Cognac Distillery]>", "Provides [1] [Vodka]"],
		"requiredTech": "Distillation"
	},
	{
		"name": "Cognac Distillery",
		"cost": 145,
		"culture": 1,
		"maintenance": 1,
                "requiredBuilding": "Wine Cellar",
		"requiredNearbyImprovedResources": ["Grape"],
		 "uniques": ["Only available <in cities without a [Rum Distillery]>", "Only available <in cities without a [Whisky Distillery]>", "Only available <in cities without a [Vodka Distillery]>", "Provides [1] [Cognac]"],
		"requiredTech": "Distillation"
	},
	{
		"name": "Chichen Itza",
		"culture": 1,
		"happiness": 3,
		"greatPersonPoints": {"Great Engineer": 1},
		"isWonder": true,
		"uniques": ["Must be next to [Jungle]", "[+50]% Golden Age length", "[+1 Culture] from [Jungle] tiles [in all cities]"],
		"requiredTech": "Civil Service",
		"quote": "'The katun is established at Chichen Itza. The settlement of the Itza shall take place there. The quetzal shall come, the green bird shall come. Ah Kantenal shall come. It is the word of God. The Itza shall come.' - The Books of Chilam Balam"
	},
	{
		"name": "Teotihuacan Pyramids",
		"culture": 1,
		"faith": 3,
		"isWonder": true,
		"greatPersonPoints": {"Great General": 1},
		"uniques": ["Must be next to [Lake]", "[+10]% [Food] [in this city] <when at war>", "[+10]% [Production] [in this city] <when at war>"],
		"requiredTech": "Civil Service",
		"quote": "'But the wrath of Huitzilopochtli was great, and as the sacrifice passed each of the four rooms dedicated to the sun god, the sun disappeared or reappeared in the sky.' - Fray Diego Durán"
	},
	{
		"name": "National Treasury",
		"cost": 100,
		"culture": 1,
		"percentStatBonus": {"gold": 33},
		"greatPersonPoints": {"Great Merchant": 1},
		"isNationalWonder": true,
		"uniques": ["Only available <if [Market] is constructed in all [non-[Puppeted]] cities>", "Cost increases by [25] per owned city"],
		"requiredTech": "Guilds"
	},
	{
		"name": "Machu Picchu",
		"greatPersonPoints": {"Great Merchant": 1},
		"culture": 1,
		"isWonder": true,
		"uniques": ["[+25]% [Gold] from Trade Routes", "[+15]% Strength <for [Military] units> <within [1] tiles of a [Mountain]>", "Must be next to [Mountain]"],
		"requiredTech": "Guilds",
		"quote": "'Few romances can ever surpass that of the granite citadel on top of the beetling precipices of Machu Picchu, the crown of Inca Land.' - Hiram Bingham"
	},
	{
		"name": "Workshop",
		"maintenance": 2,
		"production": 2,
		"specialistSlots": {"Engineer": 1},
		"hurryCostModifier": 25,
		"percentStatBonus": {"production": 10},
		"requiredTech": "Metal Casting"
	},
        {
		"name": "Artists Workshop",
		"replaces": "Workshop",
		"uniqueTo": "Italy",
	        "greatPersonPoints": {"Great Artist": 1},
		"maintenance": 2,
		"hurryCostModifier": 25,
	        "specialistSlots": {"Engineer": 1},
		"production": 2,
	        "percentStatBonus": {"production": 10},
		"uniques": ["[+1 Culture] from every [World Wonder]"]
		"requiredTech": "Metal Casting"
	},
	{
		"name": "Longhouse",
		"replaces": "Workshop",
		"uniqueTo": "Iroquois",
		"cost": 100,
		"maintenance": 0,
		"production": 2,
		"specialistSlots": {"Engineer": 1},
		"hurryCostModifier": 25,
		"percentStatBonus": {"production": 10},
		"uniques": ["[+1 Culture] from [Forest] tiles [in this city]"],
		"requiredTech": "Metal Casting"
	},
	{
		"name": "Forge",
		"maintenance": 1,
		"hurryCostModifier": 25,
		"requiredNearbyImprovedResources": ["Iron"],
		"requiredTech": "Metal Casting",
		"uniques": ["[+25]% Production when constructing [Sword] units [in this city]",
			"[+1 Production] from [Iron] tiles [in this city]"]
		
	},
        {
		"name": "Smithy",
		"replaces": "Forge",
		"uniqueTo": "The Hittites",
		"maintenance": 1,
		"hurryCostModifier": 25,
		"requiredNearbyImprovedResources": ["Copper", "Gold Ore", "Silver", "Iron"],
		"requiredTech": "Bronze Working",
		"uniques": ["[+25]% Production when constructing [Sword] units [in this city]",
			    "[+1 Production] from [Copper] tiles [in this city]",
		            "[+1 Production] from [Gold Ore] tiles [in this city]",
		            "[+1 Production] from [Silver] tiles [in this city]",
		            "[+1 Production] from [Iron] tiles [in this city]"]
		
	},
	// Column 6
	{
		"name": "University",
		"maintenance": 2,
		"hurryCostModifier": 15,
		"percentStatBonus": {"science": 33},
		"specialistSlots": {"Scientist": 1},
		"requiredBuilding": "Library",
		"uniques": ["[+2 Science] from [Jungle] tiles [in this city]", "[+17]% [Science] <after discovering [Printing Press]>"],
		"requiredTech": "Education"
	},
	{
		"name": "Oxford University",
		"science": 3,
		"culture": 1,
		"isWonder": true,
		"greatPersonPoints": {"Great Scientist": 1},
		"uniques": ["Gain a free [University] [in this city]", "Free Technology"],
		"quote": "'The clever men at Oxford... Know all that there is to be knowed. But they none of them know one half as much... As intelligent Mr. Toad!' - Kenneth Grahame"
		"requiredTech": "Education"
	},
	{
		"name": "Angkor Wat",
		"culture": 1,
		"greatPersonPoints": {"Great Engineer": 1},
		"isWonder": true,
		"uniques": ["Must be next to [Jungle]", "[+1 Faith] per [2] population [in this city]", "Gain a free [Wat] [in this city]"],
		"requiredTech": "Education",
		"quote": "'The temple is like no other building in the world. It has towers and decoration and all the refinements which the human genius can conceive of.' - Antonio da Magdalena"
	},
	{
		"name": "Castle",
		"cityStrength": 8,
		"cityHealth": 25,
		"hurryCostModifier": 25,
		"requiredBuilding": "Walls",
		"requiredTech": "Chivalry",
		"uniques": ["[+1 Production] from [Citadel] tiles [in this city]", "Destroyed when the city is captured", "Obsolete with [Rifling]", "[+1 Culture] <after discovering [Archaeology]>", "[+1 Culture] <after discovering [Flight]>"]
	},
	{
		"name": "Mughal Fort",
		"cost": 120,
		"replaces": "Castle",
		"uniqueTo": "India",
		"cityStrength": 8,
		"cityHealth": 25,
		"hurryCostModifier": 25,
		"requiredBuilding": "Walls",
		"uniques": ["[+1 Production] from [Citadel] tiles [in this city]", "Destroyed when the city is captured", "Obsolete with [Rifling]", "[+2 Culture] <after discovering [Archaeology]>", "[+2 Culture, +2 Gold] <after discovering [Flight]>"],
		"requiredTech": "Chivalry"
	},
{
		"name": "Barbican",
		"cost": 145,
		"replaces": "Castle",
		"uniqueTo": "Poland",
		"cityStrength": 8,
		"cityHealth": 50,
		"hurryCostModifier": 25,
		"requiredBuilding": "Walls",
		"uniques": ["All newly-trained [relevant] units [in this city] receive the [Cover I] promotion", "[+1 Production] from [Citadel] tiles [in this city]", "Destroyed when the city is captured", "Obsolete with [Rifling]", "[+1 Culture] <after discovering [Archaeology]>", "[+1 Culture] <after discovering [Flight]>"],
		"requiredTech": "Chivalry"
	},
	{
		"name": "Alhambra",
		"culture": 1,
		"isWonder": true,
		"greatPersonPoints": {"Great General": 1},
		"percentStatBonus": {"culture": 25},
		"uniques": ["Must be on [Hill]", "All newly-trained [relevant] units [in this city] receive the [Drill I] promotion",
			"Gain a free [Castle] [in this city]"],
		"requiredTech": "Chivalry",
		"quote": "'Justice is an unassailable fortress, built on the brow of a mountain which cannot be overthrown by the violence of torrents, nor demolished by the force of armies.' - Joseph Addison"
	},
	{
		"name": "Red Fort",
		"culture": 1,
		"isWonder": true,
		"greatPersonPoints": {"Great General": 1},
		"uniques": ["Gain a free [Castle] [in this city]", "Gain [50] [Gold] <upon constructing [Wonders] [in all cities]>", "Gain [50] [Culture] <upon gaining a [Great Person] unit>"],
		"requiredBuilding": "Palace",
		"requiredTech": "Chivalry",
		"quote": "'If heaven can be on the face of the earth,\nIt is this, it is this, it is this.' - Amir Khusrow"
	},
	{
		"name": "Ironworks",
		"cost": 125,
		"percentStatBonus": {"production": 33},
		"culture": 1,
		"greatPersonPoints": {"Great Engineer": 1},
		"isNationalWonder": true,
		"uniques": ["Only available <if [Workshop] is constructed in all [non-[Puppeted]] cities>", "Cost increases by [30] per owned city"],
		"requiredTech": "Machinery"
	},
	{
		"name": "Notre Dame",
		"Faith": 3,
		"culture": 1,
		"greatPersonPoints": {"Great Engineer": 1},
		"isWonder": true,
		"uniques": ["[+15]% Production when constructing [All] wonders [in all cities]", "Gain a free [Cathedral] [in this city]"],
		"requiredTech": "Physics",
		"quote": "'Architecture has recorded the great ideas of the human race. Not only every religious symbol, but every human thought has its page in that vast book.' - Victor Hugo"
	},
	{
		"name": "Armory",
		"hurryCostModifier": 25,
		"maintenance": 1,
		"requiredBuilding": "Barracks",
		"greatPersonPoints": {"Great General": 1},
		"uniques": ["New [{Land} {Military}] units start with [15] Experience [in this city]", "Destroyed when the city is captured"],
		"requiredTech": "Steel"
	},

	// Renaissance Era

	// Column 7
	{
		"name": "Observatory",
		"maintenance": 0,
		"hurryCostModifier": 15,
		"greatPersonPoints": {"Great Scientist": 1},
		"percentStatBonus": {"science": 50},
		"requiredBuilding": "Library",
		"uniques": ["Must be next to [Mountain]"],
		"requiredTech": "Astronomy"
	},
	{
		"name": "Opera House",
		"culture": 3,
		"specialistSlots": {"Artist": 1},
		"hurryCostModifier": 10,
		"requiredBuilding": "Amphitheater",
		"maintenance": 2,
		"requiredTech": "Acoustics",
		"uniques": ["Destroyed when the city is captured"]
	},
	{
		"name": "Bolshoi Theatre",
		"culture": 1,
		"isWonder": true,
		"greatPersonPoints": {"Great Artist": 2},
		"uniques": ["Gain a free [Opera House] [in this city]", "[+50]% Production when constructing [Culture] buildings [in all cities]"],
		"requiredTech": "Acoustics",
		"quote": "'Bolshoi Ballet is a universe of the imagination, a place of magic and enchantment, beauty and romance. Its many worlds vibrate with graceful dancers, glorious music, and sumptuous costumes.' - Trudy Garfunkel"
	},
	{
		"name": "Sistine Chapel",
		"culture": 3,
		"isWonder": true,
		"greatPersonPoints": {"Great Artist": 2},
		"uniques": ["[+1 Faith] per [1] social policies adopted", "Can only be built <in [Holy] cities>"],
		"requiredTech": "Acoustics",
		"quote": "'I live and love in God's peculiar light.' - Michelangelo Buonarroti"
	},
	{
		"name": "Bank",
		"specialistSlots": {"Merchant": 1},
		"hurryCostModifier": 15,
		"percentStatBonus": {"gold": 10},
		"uniques": ["[+1 Gold] per [2] population [in this city]"],
		"requiredBuilding": "Market",
		"requiredTech": "Banking"
	},
	{
		"name": "Forbidden Palace",
		"culture": 3,
		"isWonder": true,
		"greatPersonPoints": {"Great Artist": 2},
		"uniques": ["[-15]% Unhappiness from [Population] [in all cities]"],
		"requiredBuilding": "Palace",
		"requiredTech": "Banking",
		"quote": "'Most of us can, as we choose, make of this world either a palace or a prison' - John Lubbock"
	},
	{
		"name": "Theatre",
		"happiness": 2,
		"hurryCostModifier": 10,
		"maintenance": 2,
		"requiredBuilding": "Colosseum",
		"requiredTech": "Printing Press"
	},
	{
		"name": "Globe Theatre",
		"culture": 1,
		"isWonder": true,
		"greatPersonPoints": {"Great Artist": 2},
		"uniques": ["Must be next to [Fresh water]", "Gain a free [Theatre] [in this city]", "[+2 Gold] from every [Theatre]"],
		"requiredTech": "Printing Press",
		"quote": "'Totus mundus agit histrionem.' - Inscription above main entrance to the Globe Theatre"
	},
	{
		"name": "Leaning Tower of Pisa",
		"culture": 1,
		"isWonder": true,
		"greatPersonPoints": {"Great Artist": 2},
		"uniques": ["[+33]% Great Person generation [in all cities]", "Free Great Person"],
		"requiredTech": "Printing Press",
		"quote": "'Don't clap too hard - it's a very old building.' - John Osbourne"
	},
	{
		"name": "Himeji Castle",
		"culture": 3,
		"isWonder": true,
		"greatPersonPoints": {"Great General": 2},
		"uniques": ["Must be on [Hill]", "May buy [Military] units with [Faith] [in this city]", "[+15]% Strength <for [Military] units> <when fighting units from a Civilization with more Cities than you>"],
		"requiredTech": "Gunpowder",
		"quote": "'Bushido is realized in the presence of death. This means choosing death whenever there is a choice between life and death. There is no other reasoning.' - Yamamoto Tsunetomo"
	},
	{
		"name": "Kremlin",
		"culture": 3,
		"faith": 4,
                "cityHealth": 25,
		"isWonder": true,
		"greatPersonPoints": {"Great General": 2},
		"uniques": ["[+33]% City Strength from defensive buildings"],
		"requiredBuilding": "Palace",
		"requiredTech": "Gunpowder",
		"quote": "'The Law is a fortress on a hill that armies cannot take or floods wash away.' - The Prophet Muhammed"
	},
	// Column 8
	{
		"name": "Seaport",
		"hurryCostModifier": 25,
		"requiredBuilding": "Harbor",
		"greatPersonPoints": {"Great Merchant": 1},
		"uniques": ["[+1 Production, +1 Gold] from [Fishing Boats] tiles [in this city]",
			"Must be next to [Water]", "[+15]% Production when constructing [Water] units [in this city]", "New [{Water} {Military}] units start with [15] Experience [in this city]"],
		"requiredTech": "Navigation"
	},
        {
		"name": "Nautical School",
		"replaces": "Seaport",
		"cost": 200,
		"uniqueTo": "Portugal",
		"hurryCostModifier": 25,
		"greatPersonPoints": {"Great Merchant": 2},
		"uniques": ["[+1 Production, +1 Gold, +1 Science] from [Fishing Boats] tiles [in this city]",
			"Must be next to [Water]", "[+15]% Production when constructing [Water] units [in this city]", "New [{Water} {Military}] units start with [15] Experience [in this city]"],
		"requiredTech": "Compass"
	},
	{
		"name": "Hermitage",
		"cost": 100,
		"culture": 1,
		"percentStatBonus": {"culture": 33},
		"greatPersonPoints": {"Great Artist": 1},
		"isNationalWonder": true,
		"uniques": ["Only available <if [Opera House] is constructed in all [non-[Puppeted]] cities>", "Cost increases by [25] per owned city"],
		"requiredTech": "Architecture"
	},
	{
		"name": "Taj Mahal",
		"culture": 1,
		"happiness": 4,
		"greatPersonPoints": {"Great Artist": 2},
		"isWonder": true,
		"uniques": ["Must be next to [Fresh water]", "Empire enters golden age", "[-15]% maintenance cost for buildings [in all cities]"],
		"requiredTech": "Architecture",
		"quote": "'The Taj Mahal rises above the banks of the river like a solitary tear suspended on the cheek of time.' - Rabindranath Tagore"
	},
	{
		"name": "Porcelain Tower",
		"culture": 1,
		"greatPersonPoints": {"Great Scientist": 2},
		"isWonder": true,
		"uniques": ["Free [Great Scientist] appears", "Science gained from research agreements [+50]%", "Gain a free [Pagoda] [in this city]"],
		"requiredTech": "Architecture",
		"quote": "'Things always seem fairer when we look back at them, and it is out of that inaccessible tower of the past that Longing leans and beckons.' - James Russell Lowell"
	},
	{
		"name": "Windmill",
		"production": 2,
		"specialistSlots": {"Engineer": 1},
		"hurryCostModifier": 25,
		"maintenance": 2,
		"uniques": ["Must not be on [Hill]", "[+10]% Production when constructing [All] buildings [in this city]"],
		"requiredTech": "Economics"
	},
	{
		"name": "Coffee House",
		"replaces": "Windmill",
		"uniqueTo": "Austria",
		"production": 2,
		"percentStatBonus": {"production": 10},
		"specialistSlots": {"Engineer": 1},
		"hurryCostModifier": 25,
		"maintenance": 0,
		"uniques": ["[+33]% Great Person generation [in this city]"],
		"requiredTech": "Economics"
	},
        {
		"name": "Sugar Shack",
		"replaces": "Windmill",
		"uniqueTo": "Canada",
		"cost": 200,
		"production": 2,
		"percentStatBonus": {"production": 10},
		"specialistSlots": {"Engineer": 1},
		"hurryCostModifier": 25,
		"maintenance": 0,
		"uniques": ["[+1 Food, +1 Gold] from [Forest] tiles [in this city]"],
		"requiredTech": "Economics"
	},
        {
		"name": "Plantation Estate",
		"replaces": "Windmill",
		"uniqueTo": "The Confederate States",
		"food": 2,
		"requiredNearbyImprovedResources": ["Bananas", "Citrus", "Cocoa", "Coffee", "Cotton", "Grape", "Incense", "Silk", "Sugar", "Tobacco"],
		"specialistSlots": {"Engineer": 1},
		"hurryCostModifier": 25,
		"maintenance": 0,
		"uniques": ["Must not be on [Hill]", "[+1 Production, +1 Gold] from [Plantation] tiles [in this city]"],
		"requiredTech": "Economics"
	},
	{
		"name": "Arsenal",
		"cost": 215,
		"cityStrength": 12,
		"cityHealth": 25,
		"hurryCostModifier": 25,
		"requiredTech": "Metallurgy",
		"uniques": ["[+1 Production] from [Fort] tiles [in this city]", "[+1 Production] from [Citadel] tiles [in this city]", "Destroyed when the city is captured"]
	},
	{
		"name": "Venetian Arsenal",
		"culture": 1,
		"requiredBuilding": "Harbor",
		"isWonder": true,
		"greatPersonPoints": {"Great Engineer": 2},
		"uniques": ["Gain a free [Arsenal] [in this city]", "[+50]% Production when constructing [Water] units [in this city]", "New [{Water} {Military}] units start with [15] Experience [in this city]"],
		"requiredTech": "Metallurgy",
		"quote": "'Happy is that city which in time of peace thinks of war' - Inscription on the venetian armory"
	},

	// Industrial Era

	// Column 9
	{
		"name": "Museum",
		"culture": 4,
		"specialistSlots": {"Artist": 2},
		"requiredBuilding": "Opera House",
		"maintenance": 3,
		"hurryCostModifier": 0,
		"requiredTech": "Archaeology",
		"uniques": ["[+4 Culture] from [City ruins] tiles [in this city]", "Destroyed when the city is captured"]
	},
	{
		"name": "The Louvre",
		"happiness": 4,
		"isWonder": true,
		"greatPersonPoints": {"Great Artist": 2},
		"uniques": ["[1] free [Great Artist] units appear", "Gain a free [Museum] [in this city]"],
		"requiredTech": "Archaeology",
		"quote": "'Every genuine work of art has as much reason for being as the earth and the sun' - Ralph Waldo Emerson"
	},
{
		"name": "Neuschwanstein",
		"happiness": 3,
		"culture": 1,
		"greatPersonPoints": {"Great Artist": 2},
		"isWonder": true,
		"uniques": ["[+1 Culture, +1 Happiness, +2 Gold] from every [Castle]",
			"Must be next to [Mountain]"],
		"requiredTech": "Archaeology",
		"quote": "'...the location is one of the most beautiful to be found, holy and unapproachable, a worthy temple for the divine friend who has brought salvation and true blessing to the world.' - King Ludwig II of Bavaria"
	},
	{
		"name": "Public School",
		"science": 4,
		"specialistSlots": {"Scientist": 1},
		"requiredBuilding": "University",
		"maintenance": 3,
		"hurryCostModifier": 0,
		"uniques": ["[+1 Science] per [2] population [in this city]", "[+1 Science] per [4] population [in this city] <after discovering [Biology]>"],
		"requiredTech": "Scientific Theory"
	},
	{
		"name": "Factory",
		"cost": 275,
		"production": 4,
		"percentStatBonus": {"production": 10},
		"specialistSlots": {"Engineer": 2},
		"requiredBuilding": "Workshop",
		"maintenance": 3,
		"hurryCostModifier": 0,
		"requiredResource": "Coal",
		"requiredTech": "Industrialization"
	},
        {
		"name": "Industrial Facility",
		"replaces": "Factory",
		"uniqueTo": "Germany",
		"cost": 250,
		"production": 4,
		"percentStatBonus": {"production": 10},
		"specialistSlots": {"Engineer": 2},
		"requiredBuilding": "Workshop",
		"maintenance": 3,
		"hurryCostModifier": 0,
		"uniques": ["[+1 Production, +1 Gold] from [Mine] tiles [in this city]"],
		"requiredResource": "Coal",
		"requiredTech": "Industrialization"
	},
	{
		"name": "Big Ben",
		"culture": 1,
		"gold": 4,
		"percentStatBonus": {"gold": 10},
		"greatPersonPoints": {"Great Merchant": 2},
		"isWonder": true,
		"uniques": ["[Gold] cost of purchasing items in cities [-20]%"],
		"requiredTech": "Industrialization",
		"quote": "'To achieve great things, two things are needed: a plan, and not quite enough time.' - Leonard Bernstein"
	},
	{
		"name": "Military Academy",
		"hurryCostModifier": 0,
		"maintenance": 1,
		"requiredBuilding": "Armory",
		"greatPersonPoints": {"Great General": 1},
		"uniques": ["New [Military] units start with [15] Experience [in this city]", "Destroyed when the city is captured"],
		"requiredTech": "Military Science"
	},
	{
		"name": "Brandenburg Gate",
		"culture": 3,
		"greatPersonPoints": {"Great General": 2},
		"isWonder": true,
		"uniques": ["Free [Great General] appears", "New [Military] units start with [15] Experience [in this city]"],
		"requiredTech": "Military Science",
		"quote": "'Pale Death beats equally at the poor man's gate and at the palaces of kings.' - Horace"
	},
	{
		"name": "Nobel Foundation",
		"culture": 1,
		"greatPersonPoints": {"Great Scientist": 2},
		"isWonder": true,
		"uniques": ["Free Great Person <upon declaring friendship> <with [33]% chance>", "[+33]% Great Person generation [in all cities] <for [All]>"],
		"requiredTech": "Dynamite",
		"quote": "'One can state, without exaggeration, that the observation of and the search for similarities and differences are the basis of all human knowledge.' - Alfred Nobel"
	},
	// Column 10
	{
		"name": "Hospital",
		"requiredBuilding": "Aqueduct",
		"percentStatBonus": {"food": 10},
		"maintenance": 2,
		"hurryCostModifier": 0,
		"uniques": ["All newly-trained [relevant] units [in this city] receive the [Medic] promotion"],
		"requiredTech": "Biology"
	},
	{
		"name": "Stock Exchange",
		"specialistSlots": {"Merchant": 2},
		"hurryCostModifier": 15,
		"percentStatBonus": {"gold": 10},
		"uniques": ["[+1 Gold] per [2] population [in this city]"],
		"requiredBuilding": "Bank",
		"requiredTech": "Electricity"
	},
	{
		"name": "Hydro Plant",
		"requiredResource": "Aluminum",
		"hurryCostModifier": 0,
		"maintenance": 3,
		"uniques": ["Must be on [River]","[+1 Production] from [River] tiles [in this city]"],
		"requiredTech": "Electricity"
	},

	// Modern Era

	// Column 11
	{
		"name": "Stadium",
		"happiness": 2,
		"requiredBuilding": "Theatre",
		"maintenance": 2,
		"requiredTech": "Refrigeration"
	},
	{
		"name": "Maracana Stadium",
		"isWonder": true,
		"culture": 3,
		"happiness": 3,
		"greatPersonPoints": {"Great Engineer": 2},
		"uniques": ["Gain a free [Stadium] [in this city]", "[+2 Culture] from every [Stadium]"],
		"requiredTech": "Refrigeration",
		"quote": "'Down through its history, only three people have managed to silence the Maracana: the Pope, Frank Sinatra, and me.' - Alcides Ghiggia"
	},
	{
		"name": "Broadcast Tower",
		"culture": 3,
		"percentStatBonus": {"culture": 33},
		"requiredBuilding": "Museum",
		"maintenance": 3,
		"requiredTech": "Radio",
		"uniques": ["Destroyed when the city is captured"]
	},
	{
		"name": "Eiffel Tower",
		"culture": 3,
		"happiness": 3,
		"greatPersonPoints": {"Great Artist": 2},
		"isWonder": true,
		"uniques": ["[+1 Science] from all [Production] buildings"],
		"requiredTech": "Radio",
		"quote": "'We live only to discover beauty, all else is a form of waiting' - Kahlil Gibran"
	},
	{
		"name": "Military Base",
		"cityStrength": 15,
		"cityHealth": 25,
		"hurryCostModifier": 25,
		"requiredBuilding": "Arsenal",
		"requiredTech": "Replaceable Parts",
		"uniques": ["[+1 Production] from [Citadel] tiles [in this city]", "Destroyed when the city is captured"]
	},
        {
		"name": "Airport",
		"requiredTech": "Flight",
		"percentStatBonus": {"gold": 10, "culture": 10},
		"uniques": ["New [Air] units start with [15] Experience [in this city]", "Destroyed when the city is captured"]
	},
	{
		"name": "Statue of Liberty",
		"culture": 1,
		"isWonder": true,
		"greatPersonPoints": {"Great Engineer": 2},
		"uniques": ["Must be next to [Water]", "[+1 Production] from every specialist [in all cities]"],
		"requiredTech": "Replaceable Parts",
		"quote": "'Give me your tired, your poor, your huddled masses yearning to breathe free, the wretched refuse of your teeming shore. Send these, the homeless, tempest-tossed to me, I lift my lamp beside the golden door!' - Emma Lazarus"
	},
	// Column 12
	{
		"name": "Research Lab",
		"science": 4,
		"percentStatBonus": {"science": 50},
		"specialistSlots": {"Scientist": 2},
		"requiredBuilding": "Public School",
		"uniques": ["[+50]% [Science] <after discovering [Atomic Theory]>"],
		"maintenance": 3,
		"requiredTech": "Plastics"
	},
	{
		"name": "Cristo Redentor",
		"culture": 3,
		"faith": 3,
		"isWonder": true,
		"greatPersonPoints": {"Great Artist": 2},
		"uniques": ["[-10]% Culture cost of adopting new Policies", "[Faith] cost of purchasing items in cities [-10]%"],
		"requiredTech": "Plastics",
		"quote": "'Come to me, all who labor and are heavy burdened, and I will give you rest.' - New Testament, Matthew 11:28"
	},

	// Atomic Era

	// Column 13
	{
		"name": "Medical Lab",
		"requiredBuilding": "Hospital",
		"percentStatBonus": {"food": 10, "science": 10},
		"maintenance": 3,
		"requiredTech": "Pharmaceuticals",
	},
	{
		"name": "Manhattan Project",
		"isNationalWonder": true,
		"culture": 1,
		"uniques": ["Enables nuclear weapon", "Triggers a global alert upon completion", "Only available <with [Uranium]>"],
		"requiredTech": "Atomic Theory"
	},
	{
		"name": "Pentagon",
		"isWonder": true,
		"culture": 1,
		"greatPersonPoints": {"Great General": 2},
		"uniques": ["[-33]% Gold cost of upgrading <for [Military] units>", "All newly-trained [relevant] units [in this city] receive the [Sentry] promotion", "All newly-trained [relevant] units [in this city] receive the [Logistics] promotion"],
		"requiredTech": "Combined Arms",
		"quote": "'In preparing for battle I have always found that plans are useless, but planning is indispensable.' - Dwight D. Eisenhower"
	},
	{
		"name": "Oak Ridge Leadership Computing Facility",
		"isWonder": true,
		"culture": 1,
		"greatPersonPoints": {"Great Scientist": 2},
		"percentStatBonus": {"science": 50},
		"uniques": ["Free Technology"],
		"requiredTech": "Computers",
		"quote": "'The good thing about computers is that they do what you tell them to do. The bad news is that they do what you tell them to do.' – Ted Nelson"
	},
	// Column 14
	{
		"name": "Solar Plant",
		"production": 5,
		"percentStatBonus": {"production": 15},
		"requiredBuilding": "Factory",
		"maintenance": 3,
		"requiredTech": "Ecology",
		"uniques": ["Must be next to [Desert]", "Only available <in cities without a [Nuclear Plant]>"]
	},
	{
		"name": "Recycling Center",
		"cost": 360,
		"maintenance": 1,
		"requiredTech": "Ecology",
		"uniques": ["Provides [1] [Aluminum]", "Limited to [10] per Civilization"]
	},
	{
		"name": "Sydney Opera House",
		"isWonder": true,
		"culture": 1,
		"greatPersonPoints": {"Great Artist": 2},
		"percentStatBonus": {"culture": 50},
		"uniques": ["Free Social Policy", "Must be next to [Water]"],
		"requiredTech": "Ecology",
		"quote": "'Those who lose dreaming are lost.' - Australian Aboriginal saying"
	},
	{
		"name": "Nuclear Plant",
		"production": 5,
		"percentStatBonus": {"production": 15},
		"requiredBuilding": "Factory",
		"maintenance": 3,
		"requiredResource": "Uranium",
		"requiredTech": "Nuclear Fission",
		"uniques": ["Only available <in cities without a [Solar Plant]>"]
	},
	{
		"name": "Apollo Program",
		"culture": 1,
		"isNationalWonder": true,
		"greatPersonPoints": {"Great Scientist": 2},
		"uniques": ["Enables construction of Spaceship parts", "Triggers a global alert upon completion", 
			"Hidden when [Scientific] Victory is disabled"],
		"requiredTech": "Satellites"
	},
	{
		"name": "Sputnik Program",
		"culture": 1,
		"isNationalWonder": true,
		"greatPersonPoints": {"Great Scientist": 2},
		"uniques": ["Reveals the entire map", "[+25]% [Science] [in all cities] <for [All]>", "Triggers a global alert upon completion"],
		"requiredTech": "Rocketry"
	},

	// Information Era

	// Column 15
	{
		"name": "CN Tower",
		"isWonder": true,
		"culture": 1,
		"greatPersonPoints": {"Great Merchant": 2},
		"uniques": ["[+1] population [in all cities]", "[+1 Happiness, +1 Culture] [in all cities]", "Gain a free [Broadcast Tower] [in all cities]"],
		"requiredTech": "Telecommunications",
		"quote": "'Nothing travels faster than light with the possible exception of bad news, which obeys its own special rules.' - Douglas Adams"
	},
	{
		"name": "Bomb Shelter",
		"cost": 360,
		"cityHealth": 25,
		"maintenance": 1,
		"requiredTech": "Telecommunications",
		"uniques": ["Population loss from nuclear attacks [-30]% [in this city]"]
	},
	{
		"name": "Hubble Space Telescope",
		"isWonder": true,
		"culture": 1,
		"science": 5,
		"greatPersonPoints": {"Great Scientist": 2},
		"uniques": ["[+50]% Production when constructing [Spaceship part] units [in this city]",
			    "[+5 Science] from every [Observatory]"],
		"requiredTech": "Satellites",
		"quote": "'The wonder is, not that the field of stars is so vast, but that man has measured it.' - Anatole France"
	},
	{
		"name": "Spaceship Factory",
		"production": 3,
		"requiredResource": "Aluminum",
		"requiredBuilding": "Factory",
		"maintenance": 3,
		"uniques": ["[+50]% Production when constructing [Spaceship part] units [in this city]"],
		"requiredTech": "Robotics"
	},
	// Column 16
	{
		"name": "Air Defense System",
		"cityHealth": 100,
		"cityStrength": 25,
		"maintenance": 5,
		"requiredResource": "Aluminum",
		"requiredTech": "Stealth",
		"uniques": ["Population loss from nuclear attacks [-50]% [in this city]"]
	},
        {
		"name": "Quantum Computer",
		"requiredTech": "Particle Physics",
		"science": 5,
		"maintenance": 5,
		"requiredResource": "Aluminum",
		"uniques": ["[+50]% [Science] [in this city]"],
	},
        {
		"name": "Cloning Lab",
		"food": 5,
		"maintenance": 5,
		"requiredTech": "Nanotechnology",
		"requiredResource": "Aluminum",
		"uniques": ["[+50]% growth [in this city]"]
	},
        // Column 17
        {
		"name": "Fusion Reactor",
		"requiredTech": "Nuclear Fusion",
		"production": 5,
		"maintenance": 5,
		"uniques": ["[+50]% [Production] [in this city]", "Consumes [2] [Uranium]"],
	},
        {
		"name": "AI Singularity",
		"requiredTech": "Advanced AI",
		"maintenance": 5,
		"culture": 1,
		"greatPersonPoints": {"Great Engineer": 3},
		"isWonder": true,
		"uniques": ["[+50]% [Food] [in all cities]",
			    "[+50]% [Production] [in all cities]",
			    "[+50]% [Gold] [in all cities]",
			    "[+50]% [Science] [in all cities]",
			    "[+50]% [Culture] [in all cities]",
			    "[+50]% [Faith] [in all cities]", 
			    "[+15]% Unhappiness from [Population] [in all cities]", "Consumes [2] [Uranium]"],
		"quote": "'It ascends from the earth to the heaven, and it again descends to the earth and receives the force of things superior and inferior.' - Hermes Trismegistus"
	},
	// All Eras

	{
		"name": "Utopia Project",
		"cost": 2000,
		"culture": 3,
		"greatPersonPoints": {"Great Artist": 3},
		"isWonder": true,
		"uniques": ["Triggers a global alert upon build start",
			"Triggers a Cultural Victory upon completion", "Hidden when [Cultural] Victory is disabled", "Only available <after adopting [Individualism Complete]>", "Cost increases by [250] per owned city"],
		"quote": "'More than ever before in human history, we share a common destiny. We can master it only if we face it together. And that is why we have the United Nations.' - Kofi Annan"
	},
        {
		"name": "United Nations",
		"isWonder": true,
		"cost": 2000,
		"culture": 3,
		"greatPersonPoints": {"Great Merchant": 3},
		"uniques": ["Triggers voting for the Diplomatic Victory", "Hidden when [Diplomatic] Victory is disabled", "Triggers a global alert upon build start", "Triggers a global alert upon completion", "Only available <after adopting [Cosmopolitanism Complete]>"],
		"quote": "'There is nothing like a dream to create the future.' - Victor Hugo"
	},
	
	// Religious buildings
	
	{
		"name": "Cathedral",
		"cost": 0,
		"faith": 2,
		"culture": 3,
		"happiness": 1,
		"requiredBuilding": "Temple",
		"uniques": ["Unbuildable", "Hidden when religion is disabled"]
	},
	{
		"name": "Mosque",
		"cost": 0,
		"culture": 2,
		"faith": 3,
		"happiness": 1,
		"requiredBuilding": "Temple",
		"uniques": ["Unbuildable", "Hidden when religion is disabled"]
	},
	{
		"name": "Pagoda",
		"cost": 0,
		"culture": 2,
		"faith": 2,
		"happiness": 2,
		"requiredBuilding": "Temple",
		"uniques": ["Unbuildable", "Hidden when religion is disabled"]
	},
	{
		"name": "Gurdwara",
		"cost": 0,
		"food": 3,
		"faith": 2,
		"culture": 1,
		"requiredBuilding": "Temple",
		"uniques": ["Unbuildable", "Hidden when religion is disabled"]
	},
	{
		"name": "Wat",
		"cost": 0,
		"science": 3,
		"faith": 2,
		"culture": 1,
		"requiredBuilding": "Temple",
		"uniques": ["Unbuildable", "Hidden when religion is disabled"]
	}
]
