[
    {
        "name": "Tradition",
        "era": "Ancient era",
        "priorities": {
            "Neutral": 30,
            "Cultural": 30,
            "Diplomatic": 10,
            "Domination": 30,
            "Scientific": 30,
	    "Religious": 20
        },
        "uniques": [
            "[+15]% [Food] [in capital]"
        ],
        "policies": [
            {
                "name": "Discipline",
                "uniques": [
                    "[+15]% Strength <for [Wounded] units>"
                ],
                "row": 1,
                "column": 1
            },
            {
                "name": "Legalism",
                "uniques": [
                    "[-50]% Unhappiness from [Population] [in capital]"
                ],
		"requires": ["Monarchy"],
                "row": 2,
                "column": 4
            },
            {
                "name": "Monumentalism",
                "uniques": [
                   "[+1 Happiness] from every [Wonder]"
                ],
                "row": 1,
                "column": 5
            },
            {
                "name": "Landed Elite",
                "uniques": [
                    "[+1 Gold] from every [Farm]"
                ],
                "requires": ["Monarchy"],
                "row": 2,
                "column": 2
            },
            {
                "name": "Monarchy",
                "uniques": [
                    "[+1 Culture, +1 Faith] per [2] population [in capital]"
                ],
                "row": 1,
                "column": 3
            },
            {
                "name": "Tradition Complete",
                "uniques": [
                    "[+15]% Production when constructing [All] wonders [in all cities]"
                ]
            }
        ]
    },
    {
        "name": "Liberty",
        "era": "Ancient era",
        "priorities": {
            "Neutral": 30,
            "Cultural": 0,
            "Diplomatic": 30,
            "Domination": 20,
            "Scientific": 30,
	    "Religious": 10
        },
        "uniques": ["[+1 Culture] [in all cities]"],
        "policies": [
            {
                "name": "Meritocracy",
                "uniques": [
                    "[-50]% Unhappiness from [Specialists] [in all cities]"
                ],
		"requires": ["Collective Rule"],
                "row": 2,
                "column": 1
            },
            {
                "name": "Republic",
                "uniques": [
                    "[+1 Production] per [4] population [in all cities]"
                ],
                "row": 1,
                "column": 4
            },
            {
                "name": "Collective Rule",
                "uniques": [
		    "[+33]% Production when constructing [Civilian] units [in all cities]"
                ],
                "row": 1,
                "column": 1
            },
            {
                "name": "Representation",
                "uniques": [
                    "Each city founded increases culture cost of policies [50]% less than normal"
                ],
                "requires": ["Republic"],
                "row": 2,
                "column": 5
            },
            {
                "name": "Citizenship",
                "uniques": [
                    "[-25]% construction time for [All] improvements"
                ],
                "requires": ["Republic"],
                "row": 2,
                "column": 3
            },
            {
                "name": "Liberty Complete",
                "uniques": ["Free Great Person"]
            }
        ]
    },
    {
        "name": "Expansion",
        "era": "Classical era",
        "priorities": {
            "Neutral": 0,
            "Cultural": 0,
            "Diplomatic": 20,
            "Domination": 40,
            "Scientific": 40,
	    "Religious": 20
        },
        "uniques": [
                "Notified of new Barbarian encampments", "Receive triple Gold from Barbarian encampments and pillaging Cities"
        ],
        "policies": [
            {
                "name": "Warrior Code",
                "uniques": [
                    "[+1 Culture, +1 Production] from every [Barracks]",
		    "[+1 Culture, +1 Production] from every [Armory]",
		    "[+1 Culture, +1 Production] from every [Military Academy]",
                ],
                "row": 1,
                "column": 2
            },
            {
                "name": "Military Tradition",
                "uniques": [
                    "[+50]% XP gained from combat <for [Military] units>"
                ],
                "row": 1,
                "column": 4
            },
            {
                "name": "City Militia",
                "uniques": [
                    "[-50]% maintenance costs <for [Military] units> <in [City center] tiles>", "[+1 Happiness] [in all cities with a garrison]"
                ],
                "requires": ["Warrior Code"],
                "row": 2,
                "column": 2
            },
            {
                "name": "State Logistics",
                "uniques": [
                    "[-50]% maintenance on road & railroads"
                ],
                "requires": ["Professional Army"],
                "row": 3,
                "column": 4
            },
            {
                "name": "Professional Army",
                "uniques": [
                    "[-33]% Gold cost of upgrading <for [Military] units>"
                ],
                "requires": ["Military Tradition"],
                "row": 2,
                "column": 4
            },
            {
                "name": "Expansion Complete",
                "uniques": [
                 "[-25]% Culture cost of natural border growth [in all cities connected to capital]", "[-25]% Gold cost of acquiring tiles [in all cities connected to capital]"
                ]
            }
        ]
    },
    {
        "name": "Piety",
        "era": "Ancient era",
        "priorities": {
            "Neutral": 0,
            "Cultural": 20,
            "Diplomatic": 20,
            "Domination": 20,
            "Scientific": 0,
	    "Religious": 40
        },
        "uniques": [
            "Gain enough Faith for [50]% of a Great Prophet",
	    "Only available <after founding a Pantheon>",
            "Only available <before adopting [Rationalism]>"
        ],
        "policies": [
            {
                "name": "Organized Religion",
                "uniques": [
		    "[+1 Happiness] from all [Faith] buildings"
                ],
                "row": 1,
                "column": 2
            },
            {
                "name": "Monasticism",
                "uniques": ["[+1 Faith, +1 Science] <in cities with at least [1] [Specialists]>"],
                "row": 1,
                "column": 5
            },
            {
                "name": "Theocracy",
                "uniques": ["[50]% of excess happiness converted to [Faith]"],
                "requires": ["Organized Religion"],
                "row": 2,
                "column": 1
            },
            {
                "name": "Religious Orders",
                "uniques": [
                    "[Faith] cost of purchasing items in cities [-20]%"
                ],
                "requires": ["Organized Religion"],
                "row": 2,
                "column": 3
            },
            {
                "name": "Inquisition",
                "uniques": ["May buy [Inquisitor] units with [Faith] [in all cities in which the majority religion is a major religion]", "Free [Inquisitor] appears"],
                "requires": ["Monasticism", "Religious Orders"],
                "row": 3,
                "column": 4
            },
            {
                "name": "Piety Complete",
                "uniques": [
                    "[+20]% [Gold] [in all cities] <within [3] tiles of a [Holy site]>",
		    "[+20]% [Culture] [in all cities] <within [3] tiles of a [Holy site]>"]
            }
        ]
    },
    {
        "name": "Diplomacy",
        "era": "Medieval era",
        "priorities": {
            "Neutral": 0,
            "Cultural": 30,
            "Diplomatic": 40,
            "Domination": 0,
            "Scientific": 30,
	    "Religious": 30
        },
        "uniques": [,
                    "City-State Influence recovers at twice the normal rate", "City-State territory always counts as friendly territory"],
        "policies": [
            {
                "name": "Philantropy",
                "uniques": [
                    "Gifts of Gold to City-States generate [20]% more Influence"
                ],
                "row": 1,
                "column": 4
            },
            {
                "name": "Political Science",
                "uniques": [
                    "[+1 Science] per [1] social policies adopted"
                ],
                "row": 1,
                "column": 2
            },
            {
                "name": "Consulates",
                "uniques": [
                    "Resting point for Influence with City-States is increased by [20]",
                ],
                "requires": ["Political Science"],
                "row": 2,
                "column": 2
            },
            {
                "name": "Cultural Diplomacy",
                "uniques": [
                    "Allied City-States provide [Culture] equal to [50]% of what they produce for themselves"
                ],
                "requires": ["Consulates"],
                "row": 3,
                "column": 2
            },
            {
                "name": "Merchant Confederacy",
                "requires": ["Consulates", "Philantropy"],
                "uniques": [
		    "[+100]% resources gifted by City-States",
                    "[+50]% Happiness from luxury resources gifted by City-States"
                ],
                "row": 3,
                "column": 4
            },
            {
                "name": "Diplomacy Complete",
                "uniques": [
                    "Allied City-States will occasionally gift Great People", "Influence of all other civilizations with all city-states degrades [33]% faster", "Triggers the following global alert: [Our influence with City-States has started dropping faster!]"
                ]
            }
        ]
    },
    {
        "name": "Commerce",
        "era": "Renaissance era",
        "priorities": {
            "Neutral": 0,
            "Cultural": 30,
            "Diplomatic": 40,
            "Domination": 40,
            "Scientific": 40,
	    "Religious": 30
        },
        "uniques": ["[+10]% [Gold] [in capital]", "[+1 Production] [in all cities connected to capital]", "[+1 Production] [in all cities] <on foreign continents>"],
        "policies": [
            {
                "name": "Mercantilism",
                "uniques": [
                    "[+1 Happiness] [in all cities connected to capital]",
		    "[+1 Science] from all [Gold] buildings"
                ],
                "row": 1,
                "column": 2
            },
            {
                "name": "Free Trade",
                "uniques": [
                    "Retain [50]% of the happiness from a luxury after the last copy has been traded away"],
                "row": 1,
                "column": 4
            },
            {
                "name": "Protectionism",
                "uniques": ["[+2 Gold] from every [Luxury resource]"],
                "requires": ["Mercantilism"],
                "row": 2,
                "column": 2
            },
            {
                "name": "Free Market",
                "uniques": ["[+1] Happiness from each type of luxury resource"],
                "requires": ["Free Trade"],
                "row": 2,
                "column": 4
            },
            {
                "name": "Market Economy",
                "uniques": ["[-20]% maintenance cost for buildings [in all cities]"],
                "requires": ["Free Market"],
                "row": 3,
                "column": 4
            },
            {
                "name": "Commerce Complete",
                "uniques": [
                    "[+100]% Gold from Great Merchant trade missions",
                    "May buy [Great Merchant] units for [1000] [Faith] [in all cities in which the majority religion is a major religion] at an increasing price ([500]) <starting from the [Industrial era]>"
                ]
            }
        ]
    },
    {
        "name": "Rationalism",
        "era": "Renaissance era",
        "priorities": {
            "Neutral": 0,
            "Cultural": 30,
            "Diplomatic": 30,
            "Domination": 20,
            "Scientific": 50,
	    "Religious": 0
        },
        "uniques": [
            "[+1 Culture] from every [Artist]", "[+1 Gold] from every [Merchant]", "[+1 Science] from every [Scientist]", "[+1 Production] from every [Engineer]",
            "Only available <before adopting [Piety]>"],
        "policies": [
            {
                "name": "Secularism",
                "uniques": [
                "[-33]% Natural religion spread [in all cities] <for [All]>"
                ],
                "row": 1,
                "column": 2
            },
            {
                "name": "Humanism",
                "uniques": [
                    "[+1 Happiness] from all [Science] buildings"
                ],
                "row": 1,
                "column": 5
            },
            {
                "name": "Free Thought",
                "uniques": [
                    "[+33]% Great Person generation [in all cities]"
                ],
                "requires": ["Secularism"],
                "row": 2,
                "column": 1
            },
            {
                "name": "Sovereignty",
                "uniques": ["[50]% of excess happiness converted to [Culture]"],
                "requires": ["Humanism"],
                "row": 2,
                "column": 5
            },
            {
                "name": "Scientific Revolution",
                "uniques": ["[+20]% [Science] [in all cities] <during a Golden Age>", "Empire enters golden age"],
                "requires": ["Free Thought"],
                "row": 3,
                "column": 1
            },
            {
                "name": "Rationalism Complete",
                "uniques": [
                    "[1] Free Technologies",
                    "May buy [Great Scientist] units for [1000] [Faith] [in all cities in which the majority religion is a major religion] at an increasing price ([500]) <starting from the [Industrial era]>"
                ]
            }
        ]
    },
    {
        "name": "Individualism",
        "era": "Industrial era",
        "priorities": {
            "Neutral": 50,
            "Cultural": 50,
            "Diplomatic": 30,
            "Domination": 30,
            "Scientific": 40,
	    "Religious": 30
        },
        "uniques": [
            "[-15]% Culture cost of adopting new Policies",
            "Only available <before adopting [Nationalism]>",
            "Only available <before adopting [Cosmopolitanism]>"
        ],
        "policies": [
            {
                "name": "Constitution",
                "uniques": ["[+1 Culture] per [1] social policies adopted"],
                "row": 1,
                "column": 2
            },
            {
                "name": "Universal Suffrage",
                "uniques": ["[-50]% Food consumption by specialists [in all cities]"],
		"requires": ["Constitution", "Civil Society"],
                "row": 2,
                "column": 4
            },
            {
                "name": "Civil Society",
                "uniques": [
                    "[+1 Happiness] per [2] social policies adopted"
                ],
                "row": 1,
                "column": 4
            },
            {
                "name": "Free Speech",
                "uniques": ["[+1 Culture] per [4] population [in all cities]"],
                "requires": ["Constitution"],
                "row": 2,
                "column": 2
            },
            {
                "name": "Democracy",
                "uniques": [
                    "[Faith] cost of purchasing [Great Person] units [-33]%"
                ],
                "requires": ["Universal Suffrage", "Free Speech"],
                "row": 3,
                "column": 4
            },
            {
                "name": "Individualism Complete",
                "uniques": [
                    "[+100]% Yield from every [Great Improvement] <during a Golden Age>",
                    "May buy [Great Artist] units for [1000] [Faith] [in all cities in which the majority religion is a major religion] at an increasing price ([500]) <starting from the [Industrial era]>"
                ]
            }
        ]
    },
    {
        "name": "Nationalism",
        "era": "Industrial era",
        "priorities": {
            "Neutral": 50,
            "Cultural": 30,
            "Diplomatic": 30,
            "Domination": 50,
            "Scientific": 30,
	    "Religious": 40
        },
        "uniques": [
            "[+15]% Strength <for [Military] units> <when fighting in [Friendly Land] tiles>",
            "Only available <before adopting [Cosmopolitanism]>",
            "Only available <before adopting [Individualism]>"
        ],
        "policies": [
            {
                "name": "Populism",
                "uniques": [
		    "[-10]% Unhappiness from [Population] [in all cities] <when at war>",
		    "[+25]% growth [in all cities] <when at war>"
		],
                "row": 1,
                "column": 1
            },
            {
                "name": "Militarism",
                "uniques": ["[Gold] cost of purchasing [Military] units [-33]%",
		"[+15]% [Science] from every [Military Academy]"],
                "row": 1,
                "column": 5
            },
            {
                "name": "National Party",
                "uniques": [
                    "Quantity of strategic resources produced by the empire +[100]%",
                    "[+2 Food] [in all cities connected to capital]"
                ],
                "requires": ["Populism", "Militarism"],
                "row": 2,
                "column": 2
            },
            {
                "name": "Police State",
                "uniques": [
                    "[+3 Happiness] from every [Courthouse]",
                    "[+100]% Production when constructing [Courthouse] buildings [in all cities]"
                ],
                "requires": ["Militarism"],
                "row": 2,
                "column": 4
            },
            {
                "name": "Total War",
                "uniques": ["[+33]% Production when constructing [Military] units [in all cities] <when at war>", "[+15]% Strength <for [All] units> <vs cities> <when attacking>"],
                "requires": ["National Party", "Police State"],
                "row": 3,
                "column": 3
            },
            {
                "name": "Nationalism Complete",
                "uniques": [
                    "Empire enters golden age <upon declaring war with a major Civilization>",
                    "May buy [Great General] units for [1000] [Faith] [in all cities in which the majority religion is a major religion] at an increasing price ([500]) <starting from the [Industrial era]>"
                ]
            }
        ]
    },
    {
        "name": "Cosmopolitanism",
        "era": "Industrial era",
        "priorities": {
            "Neutral": 50,
            "Cultural": 30,
            "Diplomatic": 50,
            "Domination": 30,
            "Scientific": 40,
	    "Religious": 30
        },
        "uniques": [
            "[+15]% Production towards any buildings that already exist in the Capital",
            "Only available <before adopting [Nationalism]>",
            "Only available <before adopting [Individualism]>"
        ],
        "policies": [
            {
                "name": "World Expo",
                "uniques": [
                    "Science gained from research agreements [+25]% <for [All]>"
                ],
                "row": 1,
                "column": 1
            },
            {
                "name": "Demilitarization",
                "uniques": [
                    "[+25]% maintenance costs <for [Military] units> <for [All]>",
                ],
                "row": 1,
                "column": 5
            },
            {
                "name": "Exchange Programs",
                "uniques": [
                    "Gain [50] [Culture] <upon declaring friendship> <for [All]>"
                ],
                "row": 1,
                "column": 3
            },
            {
                "name": "Global Cooperation",
                "requires": ["World Expo", "Demilitarization", "Exchange Programs"],
                "uniques": [
                   "[+5]% [Food] [in all cities] <for [All]>", "[+5]% [Production] [in all cities] <for [All]>"
                ],
                "row": 2,
                "column": 3
            },
            {
                "name": "International Harmony",
                "requires": ["Global Cooperation"],
                "uniques": [
                    "[-5]% Unhappiness from [Population] [in all cities] <for [All]>"
                ],
                "row": 3,
                "column": 3
            },
            {
                "name": "Cosmopolitanism Complete",
                "uniques": [
		     "[+100]% Golden Age length",
                    "May buy [Great Engineer] units for [1000] [Faith] [in all cities in which the majority religion is a major religion] at an increasing price ([500]) <starting from the [Industrial era]>"
                ]
            }
        ]
    }
]
