[
    {
        "name": "discover cultural artifacts",
        "notification": "We have found previously unknown cultural artifacts in the ruins! (+[cultureAmount] Culture)",
        "uniques": ["Gain [10]-[30] [Culture]"],
        "color": "#cf8ff7"
    },
    {
        "name": "squatters willing to explore for you",
        "notification": "A [Scout] has joined us!",
        "uniques": ["Free [Scout] found in the ruins"]
    },
    {
        "name": "squatters willing to work for you",
        "notification": "A [Worker] has joined us!",
        "uniques": ["Free [Worker] found in the ruins"],
        "excludedDifficulties": ["Prince", "King", "Emperor", "Immortal", "Deity"]
    },
    {
        "name": "squatters wishing to settle under your rule",
        "notification": "A [Settler] has joined us!",
        "uniques": ["Free [Settler] found in the ruins"],
        "excludedDifficulties": ["Warlord","Prince","King","Emperor","Immortal","Deity"]
    },
    {
        "name": "your exploring unit receives training",
        "notification": "An ancient tribe trained us in their ways of combat!",
        "uniques": ["This Unit gains [15] XP"]
    },
    {
        "name": "survivors (adds population to a city)",
        "notification": "We have found survivors in the ruins! Population added to [cityName].",
        "uniques": ["[+1] population in a random city"],
		"color": "#81c784"
    },
    {
        "name": "a stash of gold",
        "notification": "We have found a hidden treasure in the ruins! (+[goldAmount] Gold)",
        "uniques": ["Gain [50]-[150] [Gold]"],
        "color": "#ffeb7f"
    },
    {
        "name": "discover a lost technology",
        "notification": "We have discovered the lost technology of [techName] in the ruins!",
        "uniques": ["[1] free random researchable Tech(s) from the [Ancient era]"],
		"color": "#7f7fff"
    },
    {
        "name": "advanced weaponry for your explorer",
        "notification": "Our unit finds advanced weaponry hidden in the ruins!",
        "uniques": ["This Unit upgrades for free including special upgrades"]
    },
    {
        "name": "reveal nearby Barbarian camps",
        "notification": "You find evidence of Barbarian activity. Nearby Barbarian camps are revealed!",
        "uniques": ["Reveal up to [All] [Barbarian encampment] within a [8] tile radius"]
    },
     {
        "name": "reveal nearby City centres",
        "notification": "You find evidence of other inhabited communities. Nearby City centers are revealed!",
        "uniques": ["Reveal up to [All] [City center] within a [8] tile radius"]
    },
    {
        "name": "find a crudely-drawn map",
        "notification": "We have found a crudely-drawn map in the ruins!",
        "uniques": ["From a randomly chosen tile [5] tiles away from the ruins, reveal tiles up to [4] tiles away with [80]% chance"]
    },
    {
        "name": "discover holy symbols",
        "notification": "We have found holy symbols in the ruins, giving us a deeper understanding of religion! (+[faithAmount] Faith)",
        "uniques": ["Hidden when religion is disabled", "Gain enough Faith for a Pantheon", "Unavailable <after generating a Great Prophet>"],
		"color": "#CDDDF4"
    },
    {
        "name": "an ancient prophecy",
        "notification": "We have found an ancient prophecy in the ruins, greatly increasing our spiritual connection! (+[faithAmount] Faith)",
        "uniques": ["Hidden when religion is disabled", "Gain enough Faith for [33]% of a Great Prophet", "Unavailable <after generating a Great Prophet>"],
		"color": "#CDDDF4"
    }
]
