[
	// Base terrains
	{
		"name": "Ocean",
		"type": "Water",
		"movementCost": 1,
		"RGB": [0,160,190],
		 "uniques": ["Becomes [Coast] when adjacent to [Desert]"]
	},
	{
		"name": "Coast",
		"type": "Water",
		"movementCost": 1,
		"RGB": [100,230,245],
		"uniques": ["[+2] to Fertility for Map Generation",
            "Considered [Desirable] when determining start locations <on water maps>",
            "Starts in regions of this type receive an extra [Fish]",
            "Every [60] tiles with this terrain will receive a major deposit of a strategic resource."]
	},
	{
		"name": "Grassland",
		"type": "Land",
		"food": 1,
		"movementCost": 1,
        "RGB": [128,200,42],
        "uniques": ["Occurs at temperature between [-0.4] and [0.1] and humidity between [0.2] and [0.4]",
            "Occurs at temperature between [0.1] and [0.2] and humidity between [0.3] and [0.4]",
            "Occurs at temperature between [-0.5] and [0.5] and humidity between [0.6] and [0.8]",
            "Occurs at temperature between [-0.5] and [1] and humidity between [0.9] and [1]",
            "Occurs at temperature between [0.9] and [1] and humidity between [0.2] and [1]",
            "Occurs at temperature between [0.8] and [0.9] and humidity between [0.6] and [1]",
            "Occurs at temperature between [0.7] and [0.8] and humidity between [0.7] and [1]",
            "Occurs at temperature between [0.6] and [0.8] and humidity between [0.4] and [0.6]",
            "[+3] to Fertility for Map Generation",
            "Becomes [Marsh] when adjacent to [River]",
            "A Region is formed with at least [33]% [Grassland] tiles, with priority [7]",
            "A Region can not contain more [Plains] tiles than [Grassland] tiles",
            "Starts in regions of this type receive an extra [Cattle]",
            "Considered [Desirable] when determining start locations",
            "Considered [Food] when determining start locations <in [Jungle] Regions>",
            "Considered [Food] when determining start locations <in [Forest] Regions>",
            "Considered [Food] when determining start locations <in [Hill] Regions>",
            "Considered [Food] when determining start locations <in [Grassland] Regions>",
            "Considered [Food] when determining start locations <in [Hybrid] Regions>",
            "Every [33] tiles with this terrain will receive a major deposit of a strategic resource."]
    },
	{
		"name": "Plains",
		"type": "Land",
		"food": 1,
		"movementCost": 1,
		"RGB": [202,198,25],
		"uniques": ["Occurs at temperature between [-0.4] and [-0.1] and humidity between [0] and [0.2]",
            "Occurs at temperature between [-0.4] and [0.4] and humidity between [0.4] and [0.6]",
            "Occurs at temperature between [0.4] and [0.5] and humidity between [0.5] and [0.6]",
            "Occurs at temperature between [-0.6] and [0.7] and humidity between [0.8] and [0.9]",
            "Occurs at temperature between [-0.6] and [-0.5] and humidity between [0.9] and [1]",
            "Occurs at temperature between [0.9] and [1] and humidity between [0] and [0.2]",
            "Occurs at temperature between [0.8] and [0.9] and humidity between [0.2] and [0.6]",
            "Occurs at temperature between [0.7] and [0.8] and humidity between [0.3] and [0.4]",
            "Occurs at temperature between [0.6] and [0.8] and humidity between [0.6] and [0.7]",
            "Occurs at temperature between [0.5] and [0.7] and humidity between [0.7] and [0.8]",
            "[+4] to Fertility for Map Generation",
	    "Starts in regions of this type receive an extra [Wheat]",
            "A Region is formed with at least [33]% [Plains] tiles, with priority [6]",
            "A Region can not contain more [Grassland] tiles than [Plains] tiles",
            "Considered [Desirable] when determining start locations",
            "Considered [Food] when determining start locations <in [Tundra] Regions>",
            "Considered [Food] when determining start locations <in [Desert] Regions>",
            "Considered [Food] when determining start locations <in [Hill] Regions>",
            "Considered [Food] when determining start locations <in [Plains] Regions>",
            "Considered [Food] when determining start locations <in [Hybrid] Regions>",
            "Every [33] tiles with this terrain will receive a major deposit of a strategic resource."]
	},
	{
		"name": "Tundra",
		"type": "Land",
		"movementCost": 1,
		"RGB": [227,155,90],
		"uniques": ["Occurs at temperature between [-0.9] and [-0.6] and humidity between [0.8] and [1]",
            "Occurs at temperature between [-0.8] and [-0.5] and humidity between [0.6] and [0.8]",
            "Occurs at temperature between [-0.7] and [-0.4] and humidity between [0.4] and [0.6]",
            "Occurs at temperature between [-0.6] and [-0.4] and humidity between [0.2] and [0.4]",
            "Occurs at temperature between [-0.5] and [-0.4] and humidity between [0] and [0.2]",
            "[+2] to Fertility for Map Generation",
            "Starts in regions of this type receive an extra [Deer]",
            "A Region is formed with at least [25]% [Tundra] tiles and [Snow] tiles, with priority [1]",
	    "A Region can not contain more [Snow] tiles than [Tundra] tiles",
            "Considered [Food] when determining start locations <in [Tundra] Regions>",
            "Considered [Desirable] when determining start locations <in [Tundra] Regions>",
            "Becomes [Plains] when adjacent to [River]",
            "Every [16] tiles with this terrain will receive a major deposit of a strategic resource."]
	},
	{
		"name": "Desert",
		"type": "Land",
		"movementCost": 1,
		"RGB": [255, 220, 115],
		"uniques": ["Occurs at temperature between [-0.1] and [0.9] and humidity between [0] and [0.2]",
            "Occurs at temperature between [0.1] and [0.8] and humidity between [0.2] and [0.3]",
            "Occurs at temperature between [0.2] and [0.7] and humidity between [0.3] and [0.4]",
            "Occurs at temperature between [0.4] and [0.6] and humidity between [0.4] and [0.5]",
            "Occurs at temperature between [0.5] and [0.6] and humidity between [0.5] and [0.7]",
            "[+1] to Fertility for Map Generation",
            "Starts in regions of this type receive an extra [Wheat]",
            "A Region is formed with at least [25]% [Desert] tiles, with priority [4]",
            "Becomes [Flood plains] when adjacent to [River]",
            "Considered [Undesirable] when determining start locations <in all except [Desert] Regions>",
            "Every [13] tiles with this terrain will receive a major deposit of a strategic resource."]
	},
	{
		"name": "Mountain",
		"type": "Land",
		"impassable": true,
		"overrideStats": true,
		"defenceBonus": 0.25,
		"RGB": [154, 154, 154],
		"uniques": ["Rough terrain",
            "Has an elevation of [2] for visibility calculations",
            "Occurs in chains at high elevations",
            "Units ending their turn on this terrain take [50] damage",
	    "[-2] to Fertility for Map Generation",
	    "Base Terrain on this tile is not counted for Region determination",
	    "Starts in regions of this type receive an extra [Stone]",
	    "A Region is formed with at least [10]% [Mountain] tiles, with priority [2]",
	    "A Region is formed with at least [15]% [Mountain] tiles and [Lake] tiles, with priority [5]",
	    "A Region can not contain more [Lake] tiles than [Mountain] tiles",
	    "A Region is formed with at least [50]% [Hill] tiles, with priority [5]",
            "Considered [Undesirable] when determining start locations <in all except [Mountain] Regions>", "Considered [Production] when determining start locations", "Tile provides yield without assigned population"]
	},
	{
		"name": "Snow",
		"type": "Land",
		"movementCost": 1,
		"RGB": [250, 255, 255],
		"uniques": [
            "Occurs at temperature between [-1] and [-0.9] and humidity between [0] and [1]",
            "Occurs at temperature between [-0.9] and [-0.8] and humidity between [0] and [0.8]",
            "Occurs at temperature between [-0.8] and [-0.7] and humidity between [0] and [0.6]",
            "Occurs at temperature between [-0.7] and [-0.6] and humidity between [0] and [0.4]",
            "Occurs at temperature between [-0.6] and [-0.5] and humidity between [0] and [0.2]",
            "Always Fertility [-1] for Map Generation",
            "Considered [Undesirable] when determining start locations",
            "Becomes [Tundra] when adjacent to [River]",
            "Every [17] tiles with this terrain will receive a major deposit of a strategic resource.",
            "Never receives any resources <in [Hill] tiles>"]
	},

	// Terrain features
	{
		"name": "Hill",
		"type": "TerrainFeature",
		"production": 1,
		"overrideStats": true,
		"movementCost": 2,
		"defenceBonus": 0.25,
		"RGB": [105,125,72],
		"occursOn": ["Tundra","Plains","Grassland","Desert","Snow"],
		"uniques": ["Rough terrain",
					"[+5] Strength for cities built on this terrain",
					"Has an elevation of [1] for visibility calculations",
					"Occurs in groups around high elevations",
					"[-1] to Fertility for Map Generation",
					"A Region is formed with at least [33]% [Hill] tiles, with priority [5]",
					"Base Terrain on this tile is not counted for Region determination",
					"Starts in regions of this type receive an extra [Sheep]",
					"Considered [Desirable] when determining start locations",
					"Considered [Production] when determining start locations",
					"Every [22] tiles with this terrain will receive a major deposit of a strategic resource."]
	},
	{
		"name": "Forest",
		"type": "TerrainFeature",
		"production": 1,
		"movementCost": 2,
		"unbuildable": true,
		"defenceBonus": 0.25,
		"occursOn": ["Tundra","Plains","Grassland","Hill"],
		"uniques": ["Rough terrain", "Vegetation",
			    "Occurs at temperature between [-0.9] and [0.8] and humidity between [-0.9] and [0.9]",
					"Provides a one-time Production bonus to the closest city when cut down",
					"Blocks line-of-sight from tiles at same elevation",
					"[25]% Chance to be destroyed by nukes",
			                "[+2] to Fertility for Map Generation",
					"A Region is formed with at least [67]% [Forest] tiles, with priority [5]",
					"A Region is formed with at least [75]% [Forest] tiles and [Jungle] tiles, with priority [5]",
					"A Region can not contain more [Jungle] tiles than [Forest] tiles",
					"Considered [Desirable] when determining start locations",
					"Considered [Production] when determining start locations",
					"Considered [Food] when determining start locations <in [Forest] Regions>",
					"Considered [Food] when determining start locations <in [Tundra] Regions>",
					"Every [33] tiles with this terrain will receive a major deposit of a strategic resource."],
		"civilopediaText": [{"text":"A Camp can be built here without cutting it down", "link":"Improvement/Camp"}]
	},
	{
		"name": "Jungle",
		"type": "TerrainFeature",
		"food": 1,
		"movementCost": 2,
		"unbuildable": true,
		"defenceBonus": 0.25,
		"occursOn": ["Plains","Grassland"],
		"uniques": [
			"Rough terrain", "Vegetation", "Provides a one-time Production bonus to the closest city when cut down",
			"Occurs at temperature between [0.4] and [1] and humidity between [0.4] and [1]",
			"Blocks line-of-sight from tiles at same elevation",
			"[25]% Chance to be destroyed by nukes",
			"[+2] to Fertility for Map Generation",
			"A Region is formed with at least [67]% [Jungle] tiles, with priority [3]",
			"A Region is formed with at least [75]% [Jungle] tiles and [Forest] tiles, with priority [3]",
			"A Region can not contain more [Forest] tiles than [Jungle] tiles",
                        "Starts in regions of this type receive an extra [Bananas]",
			"Considered [Food] when determining start locations <in all except [Grassland] Regions>",
			"Considered [Desirable] when determining start locations <in all except [Grassland] Regions>",
			"Every [33] tiles with this terrain will receive a major deposit of a strategic resource."
		]
	},
	{
		"name": "Marsh",
		"type": "TerrainFeature",
		"food": -1,
		"movementCost": 3,
		"unbuildable": true,
		"defenceBonus": -0.15,
		"occursOn": ["Grassland"],
		"uniques": [
					"[-2] to Fertility for Map Generation",
					"Every [9] tiles with this terrain will receive a major deposit of a strategic resource.",
			                "A Region is formed with at least [16]% [Marsh] tiles, with priority [3]",
			                "A Region is formed with at least [64]% [Marsh] tiles and [Forest] tiles, with priority [2]",
			                "A Region can not contain more [Marsh] tiles than [Forest] tiles",],
		"civilopediaText": [{"text":"Only Polders can be built here", "link":"Improvement/Polder"}]
	},
	{
		"name": "Lake",
		"type": "TerrainFeature",
		"food": 1,
		"movementCost": 1,
		"unbuildable": true,
		"defenceBonus": -0.1,
		"occursOn": ["Grassland", "Plains", "Tundra"],
		"uniques": ["Fresh water", "Rare feature",
			    "Always Fertility [4] for Map Generation",
			    "Only [All Road] improvements may be built on this tile",
			    "Considered [Food] when determining start locations",
			    "Considered [Desirable] when determining start locations"]
	},
	{
		"name": "Fallout",
		"type": "TerrainFeature",
		"movementCost": 2,
		"unbuildable": true,
		"uniques": ["Nullifies all other stats this tile provides", "Units ending their turn on this terrain take [10] damage", "Doesn't generate naturally"],
		"occursOn": ["Grassland", "Plains", "Desert", "Tundra", "Snow", "Forest", "Jungle", "Hill", "Flood plains", "Marsh", "Oasis"]
		"defenceBonus": -0.15
	},
	{
		"name": "Oasis",
		"type": "TerrainFeature",
		"food": 2,
		"movementCost": 1,
		"unbuildable": true,
		"defenceBonus": -0.1,
		"occursOn": ["Desert"],
		"uniques": ["Fresh water", "Rare feature",
					"Only [All Road] improvements may be built on this tile",
					"Always Fertility [4] for Map Generation",
					"Considered [Food] when determining start locations",
					"Considered [Desirable] when determining start locations"]
	},
	{
		"name": "Flood plains",
		"type": "TerrainFeature",
		"food": 1,
		"movementCost": 1,
		"defenceBonus": -0.1,
		"occursOn": ["Desert"],
		"uniques": ["Always Fertility [5] for Map Generation",
					"Considered [Food] when determining start locations",
					"Considered [Desirable] when determining start locations"]
	},
	{
		"name": "Ice",
		"type": "TerrainFeature",
		"impassable": true,
		"overrideStats": true,
		"occursOn": ["Ocean", "Coast"],
		"uniques": ["Occurs at temperature between [-1] and [-0.8] and humidity between [-1] and [-0.8]",
					"[-1] to Fertility for Map Generation",
					"Considered [Undesirable] when determining start locations"]
	},
	{
		"name": "Atoll",
		"type": "TerrainFeature",
		"movementCost": 1,
		"food": 1,
		"production": 1,
		"defenceBonus": 0.1,
		"occursOn": ["Coast"],
		"uniques": ["Rare feature"]
	},
	{
		"name": "Coral Reef",
		"type": "TerrainFeature",
		"movementCost": 2,
		"production": 1,
		"science": 1,
		"defenceBonus": 0.1,
		"occursOn": ["Coast"],
		"uniques": ["Rare feature", "Occurs on latitudes from [0] to [70] percent of distance equator to pole",
			"Occurs in groups of [1] to [2] tiles"]
	},
	{
		"name": "Kelp Forest",
		"type": "TerrainFeature",
		"movementCost": 1,
		"food": 1,
		"science": 1,
		"occursOn": ["Coast"],
		"uniques": ["Rare feature", "Occurs on latitudes from [60] to [90] percent of distance equator to pole",
			"Occurs in groups of [1] to [2] tiles"]
	},
	// Natural Wonders
	{
		"name": "Great Barrier Reef",
		"type": "NaturalWonder",
		"movementCost": 2,
		"culture": 1,
		"science": 2,
		"defenceBonus": 0.1,
		"occursOn": ["Ocean"],
		"uniques": ["Must be adjacent to [1] to [6] [Coast] tiles",
			"Must be adjacent to [6] [Water] tiles",
			"Occurs on latitudes from [10] to [70] percent of distance equator to pole",
			"Occurs in groups of [2] to [2] tiles", "Tile provides yield without assigned population"],
		"turnsInto": "Coast",
		"unbuildable": true,
		"weight": 10
	},
	{
		"name": "Great Blue Hole",
		"type": "NaturalWonder",
		"science": 3,
		"culture": 1,
		"occursOn": ["Coast"],
		"uniques": ["Must be adjacent to [1] to [2] [Jungle] tiles",
			    "Tile provides yield without assigned population"],
		"turnsInto": "Coast",
		"impassable": true,
		"unbuildable": true,
		"weight": 10
	},
	{
		"name": "Lake Baikal",
		"type": "NaturalWonder",
		"food": 2,
		"gold": 1,
		"occursOn": ["Tundra"],
		"uniques": ["Fresh water", "Must be adjacent to [1] to [6] [Tundra] tiles",
			"Must be adjacent to [0] [Water] tiles",
			"Must be adjacent to [0] to [2] [Hill] tiles",
			"Occurs in groups of [2] to [2] tiles", "Tile provides yield without assigned population"],
		"turnsInto": "Tundra",
		"impassable": false,
		"unbuildable": true,
		"weight": 10
	},
	{
		"name": "Dead Sea",
		"type": "NaturalWonder",
		"culture": 3,
		"faith": 2,
		"occursOn": ["Desert"],
		"uniques": ["Must be adjacent to [2] to [5] [Desert] tiles",
			    "Must be adjacent to [1] to [3] [Water] tiles",
			    "Must be adjacent to [0] to [1] [Hill] tiles", 
			    "Tile provides yield without assigned population"],
		"turnsInto": "Desert",
		"impassable": false,
		"unbuildable": true,
		"weight": 10
	},
	{
		"name": "Old Faithful",
		"type": "NaturalWonder",
		"science": 3,
		"culture": 2,
		"occursOn": ["Grassland", "Plains", "Tundra", "Mountain"],
		"uniques": ["Must be adjacent to [0] [Coast] tiles",
			"Must be adjacent to [0] to [4] [Mountain] tiles",
			"Must be adjacent to [3] to [6] [Elevated] tiles",
			"Must be adjacent to [2] to [6] [Plains] tiles",
			"Must be adjacent to [0] to [3] [Desert] tiles",
			"Must be adjacent to [0] to [3] [Tundra] tiles", "Tile provides yield without assigned population"],
		"turnsInto": "Mountain",
		"impassable": true,
		"unbuildable": true,
		"weight": 10
	},
	{
		"name": "Vinicunca",
		"type": "NaturalWonder",
		"food": 2,
		"production": 2,
		"culture": 1,
		"occursOn": ["Grassland", "Mountain"],
		"uniques": ["Must be adjacent to [0] [Coast] tiles",
			"Must be adjacent to [1] to [3] [Mountain] tiles",
			"Must be adjacent to [2] to [4] [Elevated] tiles",
			"Must be adjacent to [1] to [3] [Jungle] tiles",
			"Tile provides yield without assigned population"],
		"turnsInto": "Mountain",
		"impassable": true,
		"unbuildable": true,
		"weight": 10
	},
	{
		"name": "El Dorado",
		"type": "NaturalWonder",
		"culture": 5,
		"overrideStats": true,
		"occursOn": ["Plains", "Grassland"],
		"turnsInto": "Grassland",
		"impassable": false,
		"unbuildable": true,
		"uniques": ["Must be adjacent to [0] [Coast] tiles",
			"Must be adjacent to [4] to [6] [Jungle] tiles",
			"Grants 500 Gold to the first civilization to discover it",
			"Only [All Road] improvements may be built on this tile", "Tile provides yield without assigned population"],
		"weight": 10
	},
	{
		"name": "Mount Roraima",
		"type": "NaturalWonder",
		"food": 3,
		"production": 1,
		"faith": 1,
		"occursOn": ["Grassland"],
		"turnsInto": "Mountain",
		"impassable": true,
		"unbuildable": true,
		"uniques": ["Fresh water", "Must be adjacent to [0] [Coast] tiles",
			"Must be adjacent to [4] to [6] [Jungle] tiles",
			"Tile provides yield without assigned population"],
		"weight": 10
	},
	{
		"name": "Perito Moreno",
		"type": "NaturalWonder",
		"science": 2,
		"culture": 1,
		"gold": 2,
		"occursOn": ["Snow"],
		"turnsInto": "Mountain",
		"impassable": true,
		"unbuildable": true,
		"uniques": ["Fresh water", "Must be adjacent to [1] to [3] [Mountain] tiles", "Must be adjacent to [1] to [3] [Coast] tiles",
			"Tile provides yield without assigned population"],
		"weight": 10
	},
	{
		"name": "Fountain of Youth",
		"type": "NaturalWonder",
		"happiness": 3,
                "science": 2,
		"overrideStats": true,
		"occursOn": ["Grassland"],
		"turnsInto": "Grassland",
		"impassable": true,
		"unbuildable": true,
		"uniques": ["Fresh water", "Must be adjacent to [0] [Coast] tiles",
			"Grants [Rejuvenation] ([all healing effects doubled]) to adjacent [{Military} {Land}] units for the rest of the game",
			"Tile provides yield without assigned population"],
		"weight": 10
	},
	{
		"name": "Grand Mesa",
		"type": "NaturalWonder",
		"production": 2,
		"gold": 2,
		"culture": 1,
		"occursOn": ["Desert"],
		"uniques": ["Must be adjacent to [6] [Desert] tiles",
			"Must be adjacent to [1] to [4] [Hill] tiles",
			"Must be adjacent to [0] to [2] [Mountain] tiles", "Tile provides yield without assigned population"],
		"turnsInto": "Mountain",
		"impassable": true,
		"unbuildable": true,
		"weight": 10
	},
	{
		"name": "Manpupuner",
		"type": "NaturalWonder",
		"culture": 1,
		"faith": 2,
		"production":2,
		"occursOn": ["Tundra"],
		"uniques": ["Must be adjacent to [2] to [6] [Tundra] tiles",
			"Must be adjacent to [1] to [4] [Hill] tiles",
			"Must be adjacent to [1] to [3] [Mountain] tiles", "Tile provides yield without assigned population"],
		"turnsInto": "Mountain",
		"impassable": true,
		"unbuildable": true,
		"weight": 10
	},
	{
		"name": "Mount Vesuvius",
		"type": "NaturalWonder",
		"culture": 2,
		"production": 3,
		"occursOn": ["Grassland"],
		"uniques": ["Must be adjacent to [1] to [3] [Coast] tiles",
			"Must be adjacent to [1] to [4] [Hill] tiles",
			"Must be adjacent to [0] [Mountain] tiles", "Tile provides yield without assigned population"],
		"turnsInto": "Mountain",
		"impassable": true,
		"unbuildable": true,
		"weight": 10
	},
	{
		"name": "Mount Elbrus",
		"type": "NaturalWonder",
		"culture": 2,
		"faith": 2,
		"science": 1,
		"occursOn": ["Grassland"],
		"uniques": ["Must be adjacent to [0] to [2] [Coast] tiles",
			"Must be adjacent to [1] to [4] [Hill] tiles",
			"Must be adjacent to [1] to [2] [Mountain] tiles", "Tile provides yield without assigned population"],
		"turnsInto": "Mountain",
		"impassable": true,
		"unbuildable": true,
		"weight": 10
	},
	{
		"name": "Pamukkale",
		"type": "NaturalWonder",
		"happiness": 2,
		"culture": 2,
		"gold": 1,
		"occursOn": ["Grassland"],
		"uniques": ["Fresh water", "Must be adjacent to [0] [Coast] tiles",
			"Must be adjacent to [0] to [2] [Hill] tiles",
			"Must be adjacent to [0] [Mountain] tiles", "Tile provides yield without assigned population"],
		"turnsInto": "Mountain",
		"impassable": true,
		"unbuildable": true,
		"weight": 10
	},
	{
		"name": "Chocolate Hills",
		"type": "NaturalWonder",
		"culture": 2,
		"science": 1,
		"production": 1,
		"occursOn": ["Grassland", "Plains"],
		"uniques": ["Must be adjacent to [0] to [5] [Coast] tiles",
			"Must be adjacent to [0] to [2] [Hill] tiles",
			"Must be adjacent to [0] [Mountain] tiles", "Must not be on [1] largest landmasses", "Only [All Road] improvements may be built on this tile", "Tile provides yield without assigned population"],
		"turnsInto": "Grassland",
		"defenceBonus": 0.25,
		"impassable": false,
		"unbuildable": true,
		"weight": 10
	},
	{
		"name": "Mount Fuji",
		"type": "NaturalWonder",
		"culture": 3,
		"faith": 1,
		"gold": 1,
		"occursOn": ["Grassland"],
		"uniques": ["Must be adjacent to [0] [Coast] tiles",
			"Must be adjacent to [0] [Tundra] tiles",
			"Must be adjacent to [0] [Desert] tiles",
			"Must be adjacent to [0] [Mountain] tiles",
			"Must be adjacent to [0] [Marsh] tiles",
			"Must be adjacent to [0] to [2] [Hill] tiles",
			"Must not be on [1] largest landmasses", "Tile provides yield without assigned population"],
		"turnsInto": "Mountain",
		"impassable": true,
		"unbuildable": true,
		"weight": 10
	},
	{
		"name": "Eyjafjallajökull",
		"type": "NaturalWonder",
		"culture": 2,
		"faith": 1,
		"food": 2,
		"occursOn": ["Tundra"],
		"uniques": ["Must be adjacent to [0] [Coast] tiles",
			"Must be adjacent to [0] [Desert] tiles",
			"Must be adjacent to [0] [Mountain] tiles",
			"Must be adjacent to [0] [Marsh] tiles",
			"Must be adjacent to [0] to [2] [Hill] tiles",
			"Must not be on [1] largest landmasses", "Tile provides yield without assigned population"],
		"turnsInto": "Mountain",
		"impassable": true,
		"unbuildable": true,
		"weight": 10
	},
	{
		"name": "Krakatoa",
		"type": "NaturalWonder",
		"science": 5,
		"occursOn": ["Ocean"],
		"uniques": ["Must be adjacent to [1] to [6] [Coast] tiles",
			"Must be adjacent to [0] [Ice] tiles",
			"Neighboring tiles will convert to [Coast]", "Tile provides yield without assigned population"],
		"turnsInto": "Mountain",
		"impassable": true,
		"unbuildable": true,
		"weight": 10
	},
	{
		"name": "Rock of Gibraltar",
		"type": "NaturalWonder",
		"gold": 3,
		"production": 1,
		"culture": 1,
		"food": -2,
		"occursOn": ["Grassland"],
		"uniques": ["[+5] Strength for cities built on this terrain", "Must be adjacent to [1] to [5] [Coast] tiles",
			"Must be adjacent to [1] [Mountain] tiles",
			"Neighboring tiles except [Mountain] will convert to [Coast]", "Tile provides yield without assigned population", "Occurs on latitudes from [10] to [25] percent of distance equator to pole",],
		"turnsInto": "Grassland",
		"defenceBonus": 0.25,
		"impassable": false,
		"unbuildable": true,
		"weight": 10
	},
	{
		"name": "Ha Long Bay",
		"type": "NaturalWonder",
		"production": 1,
		"food": 1,
		"culture": 2,
		"occursOn": ["Coast"],
		"uniques": ["Must be adjacent to [2] to [4] [Water] tiles",
			    "Must be adjacent to [2] to [4] [Grassland] tiles",
			    "Must be adjacent to [0] to [4] [Jungle] tiles", "Tile provides yield without assigned population"],
		"turnsInto": "Coast",
		"impassable": false,
		"unbuildable": true,
		"defenceBonus": 0.25,
		"weight": 10
	},
	{
		"name": "Cerro de Potosi",
		"type": "NaturalWonder",
		"gold": 5,
		"occursOn": ["Plains", "Mountain"],
		"uniques": ["Must be adjacent to [0] [Coast] tiles",
			"Must be adjacent to [0] to [6] [Hill] tiles"
			   "Must be adjacent to [1] to [3] [Desert] tiles", "Tile provides yield without assigned population"],
		"turnsInto": "Mountain",
		"impassable": true,
		"unbuildable": true,
		"weight": 10
	},
	{
		"name": "Barringer Crater",
		"type": "NaturalWonder",
		"production": 3,
		"science": 2,
		"occursOn": ["Desert"],
		"uniques": ["Must be adjacent to [0] [Coast] tiles",
			"Must be adjacent to [0] [Grassland] tiles",
			"Must be adjacent to [0] to [1] [Mountain] tiles",
			"Must be adjacent to [2] to [4] [Elevated] tiles", "Tile provides yield without assigned population"],
		"turnsInto": "Desert",
		"impassable": true,
		"unbuildable": true,
		"weight": 10
	},
	{
		"name": "Richat Structure",
		"type": "NaturalWonder",
		"science": 3,
		"culture": 1,
		"gold": 1,
		"occursOn": ["Desert"],
		"uniques": ["Must be adjacent to [6] [Desert] tiles",
			"Must be adjacent to [0] to [2] [Mountain] tiles",
			"Must be adjacent to [0] to [2] [Elevated] tiles",
			   "Only [All Road] improvements may be built on this tile", "Tile provides yield without assigned population"],
		"turnsInto": "Desert",
		"impassable": false,
		"unbuildable": true,
		"weight": 10
	},
	{
		"name": "Mount Kailash",
		"type": "NaturalWonder",
		"faith": 3,
		"happiness": 2,
		"occursOn": ["Plains", "Grassland"],
		"uniques": ["Must be adjacent to [0] [Coast] tiles",
			"Must be adjacent to [0] [Marsh] tiles",
			"Must be adjacent to [0] to [1] [Desert] tiles",
			"Must be adjacent to [4] to [6] [Elevated] tiles",
		"Grants [Climber] ([Can pass through impassable tiles]) to adjacent [Religious Unit] units for the rest of the game", "Tile provides yield without assigned population"],
		"turnsInto": "Mountain",
		"impassable": true,
		"unbuildable": true,
		"weight": 10
	},
	{
		"name": "Mount Kilimanjaro",
		"type": "NaturalWonder",
		"food": 4,
		"culture": 1,
		"occursOn": ["Plains", "Grassland"],
		"turnsInto": "Mountain",
		"impassable": true,
		"unbuildable": true,
		"uniques": ["Must be adjacent to [0] [Coast] tiles",
			"Must be adjacent to [0] to [2] [Hill] tiles",
			"Must be adjacent to [0] to [2] [Mountain] tiles",
			"Grants [Climber] ([Can pass through impassable tiles]) to adjacent [{Military} {Land}] units for the rest of the game", "Tile provides yield without assigned population"],
		"weight": 10
	},
	{
		"name": "Mount Sinai",
		"type": "NaturalWonder",
		"faith": 5,
		"occursOn": ["Desert"],
		"uniques": ["Must be adjacent to [0] [Coast] tiles",
			"Must be adjacent to [0] [Grassland] tiles",
			"Must be adjacent to [0] [Tundra] tiles",
			"Must be adjacent to [0] [Marsh] tiles",
			"Must be adjacent to [3] to [6] [Desert] tiles", "Tile provides yield without assigned population"],
		"turnsInto": "Mountain",
		"impassable": true,
		"unbuildable": true,
		"weight": 10
	},
	{
		"name": "Sri Pada",
		"type": "NaturalWonder",
		"food": 3,
		"faith": 2,
		"occursOn": ["Plains","Grassland"],
		"uniques": ["Must be adjacent to [0] [Tundra] tiles",
			"Must be adjacent to [0] [Desert] tiles",
			"Must be adjacent to [0] [Marsh] tiles",
			"Must not be on [1] largest landmasses", "Tile provides yield without assigned population"],
		"turnsInto": "Mountain",
		"impassable": true,
		"unbuildable": true,
		"weight": 10
	},
	{
		"name": "Kawah Ijen",
		"type": "NaturalWonder",
		"culture": 2,
		"gold": 2,
		"production": 1,
		"occursOn": ["Grassland"],
		"uniques": ["Must be adjacent to [0] [Tundra] tiles",
			"Must be adjacent to [0] [Desert] tiles",
			"Must be adjacent to [0] [Marsh] tiles",
			"Must not be on [1] largest landmasses", "Tile provides yield without assigned population"],
		"turnsInto": "Mountain",
		"impassable": true,
		"unbuildable": true,
		"weight": 10
	},
	{
		"name": "Uluru",
		"type": "NaturalWonder",
		"culture": 2,
		"faith": 2,
		"production": 1,
		"occursOn": ["Desert"],
		"uniques": ["Must be adjacent to [3] to [4] [Desert] tiles", "Must be adjacent to [2] to [3] [Plains] tiles", "Must be adjacent to [0] [Hill] tiles", "Must not be on [1] largest landmasses", "Tile provides yield without assigned population"],
		"turnsInto": "Mountain",
		"impassable": true,
		"unbuildable": true,
		"weight": 10
	},
	{
		"name": "Lake Victoria",
		"type": "NaturalWonder",
		"food": 2,
		"science": 1,
		"culture": 1,
		"production": -1,
		"occursOn": ["Plains"],
		"turnsInto": "Plains",
		"impassable": true,
		"unbuildable": true,
		"uniques": ["Fresh water", "Must be adjacent to [0] [Coast] tiles", "Tile provides yield without assigned population"],
		"weight": 10
	},
	{
		"name": "Lake Hiller",
		"type": "NaturalWonder",
		"food": 1,
		"culture": 1,
		"faith": 2,
		"occursOn": ["Plains"],
		"turnsInto": "Plains",
		"unbuildable": true,
		"uniques": ["Must be adjacent to [1] to [2] [Coast] tiles", "Tile provides yield without assigned population"],
		"weight": 10
	}
]
