[	
	// Bonus resources
	{
		"name": "Cattle",
		"resourceType": "Bonus",
		"terrainsCanBeFoundOn": ["Grassland"],
		"food": 1,
		"improvement": "Pasture",
		"uniques": ["Resource", "Generated on every [16] tiles <in [Featureless] [Grassland] tiles>",
					"Generated on every [24] tiles <in [Featureless] [Grassland] tiles> <in [Hill] Regions>"]
	},
	{
		"name": "Sheep",
		"resourceType": "Bonus",
		"terrainsCanBeFoundOn": ["Hill"],
		"food": 1,
		"improvement": "Pasture",
		"uniques": ["Resource", "Generated on every [15] tiles <in [Hill] tiles> <in tiles without [Forest]> <in tiles without [Jungle]>",
					"Generated on every [12] tiles <in [Hill] tiles> <in tiles without [Forest]> <in tiles without [Jungle]> <in tiles without [Fresh Water]> <in [Hill] Regions>"]
	},
	{
		"name": "Deer",
		"resourceType": "Bonus",
		"terrainsCanBeFoundOn": ["Forest", "Tundra"], // Tundra only if lowland
		"food": 1,
		"improvement": "Camp",
		"uniques": ["Resource", "Generated on every [8] tiles <in [Tundra] tiles>",
					"Generated on every [16] tiles <in [Forest] tiles>"]
	},
	{
		"name": "Bananas",
		"resourceType": "Bonus",
		"terrainsCanBeFoundOn": ["Jungle"],
		"food": 1,
		"improvementStats": {"food": 1},
		"improvement": "Plantation",
		"uniques": ["Resource", "Generated on every [14] tiles <in [Jungle] tiles>",
					"Generated on every [16] tiles <in [Jungle] tiles> <in [Hill] Regions>"]
	},
	{
		"name": "Wheat",
		"resourceType": "Bonus",
		"terrainsCanBeFoundOn": ["Plains","Flood plains","Desert"], // Desert only if fresh water
		"food": 1,
		"improvement": "Farm",
		"uniques": ["Resource", "Generated on every [15] tiles <in [Featureless] [Plains] tiles>",
					"Generated on every [20] tiles <in [Desert] [Fresh Water] tiles> <in tiles without [Hill]>",
					"Generated on every [25] tiles <in [Featureless] [Plains] tiles> <in [Hill] Regions>",
					"Generated on every [30] tiles <in [Fresh Water] [Desert] tiles> <in tiles without [Hill]> <in [Hill] Regions>"]
	},
	{
		"name": "Stone",
		"resourceType": "Bonus",
		"terrainsCanBeFoundOn": ["Grassland", "Desert", "Tundra", "Hill"],
		"production": 1,
		"improvement": "Quarry",
		"uniques": ["Resource", "Generated on every [8] tiles <in [Mountain] Regions> <in tiles without [Hill]> <in tiles without [Fresh Water]>",
			                "Generated on every [16] tiles <in [Featureless] [Grassland] tiles> <in tiles without [Fresh Water]>",
					"Generated on every [24] tiles <in [Featureless] [Desert] tiles> <in tiles without [Fresh Water]>",
					"Generated on every [32] tiles <in [Featureless] [Tundra] tiles> <in tiles without [Fresh Water]>"]
	},
	{
		"name": "Fish",
		"resourceType": "Bonus",
		"terrainsCanBeFoundOn": ["Coast"],
		"food": 1,
		"improvement": "Fishing Boats",
		"uniques": ["Resource", "Generated on every [5] tiles <in [Featureless] [Coast] tiles>",
			                "Generated on every [5] tiles <in [Featureless] [Coast] tiles> <in [Tundra] Regions>"]
	},
	{
		"name": "Grape",
		"resourceType": "Bonus",
		"terrainsCanBeFoundOn": ["Grassland","Plains","Hill"],
		"food": 1,
		"improvement": "Plantation",
		"uniques": ["Resource", "Generated on every [20] tiles <in [Featureless] [Hill] tiles> <in [Grassland] Regions>",
			                "Generated on every [30] tiles <in [Featureless] [Hill] tiles> <in [Plains] Regions>",
		                        "Doesn't generate naturally <in [Hill] tiles> <in [Tundra] Regions>", "Doesn't generate naturally <in [Hill] tiles> <in [Desert] Regions>"]
	},
	
	// Strategic resources
	{
		"name": "Horses",
		"resourceType": "Strategic",
		"revealedBy": "Animal Husbandry",
		"terrainsCanBeFoundOn": ["Plains","Grassland","Hill"], // Hill only if plains or grassland
		"production": 1,
		"improvement": "Pasture",
		"uniques": ["Resource", "Guaranteed with Strategic Balance resource option",
					"Generated with weight [75] <in [Featureless] [Plains] tiles>",
					"Minor deposits generated with weight [25] <in [Grassland] [Hill] tiles> <in tiles without [Forest]> <in tiles without [Jungle]>",
					"Minor deposits generated with weight [25] <in [Plains] [Hill] tiles> <in tiles without [Forest]> <in tiles without [Jungle]>",
					"Minor deposits generated with weight [100] <in [Featureless] [Grassland] tiles> <in [Fresh Water] tiles>",
					"Minor deposits generated with weight [50] <in [Featureless] [Grassland] tiles> <in tiles without [Fresh Water]>",
					"Minor deposits generated with weight [50] <in [Featureless] [Plains] tiles>"],
		"majorDepositAmount": {"sparse": 4, "default": 5, "abundant": 6},
		"minorDepositAmount": {"sparse": 2, "default": 3, "abundant": 4}
	},
	{
		"name": "Iron",
		"resourceType": "Strategic",
		"revealedBy": "Iron Working",
		"terrainsCanBeFoundOn": ["Grassland", "Plains", "Desert", "Tundra", "Snow", "Hill", "Marsh"],
		"production": 1,
		"improvement": "Mine",
		"uniques": ["Resource", "Guaranteed with Strategic Balance resource option",
					"Generated with weight [30] <in [Featureless] [Tundra] tiles>",
					"Generated with weight [15] <in [Featureless] [Snow] tiles>",
					"Generated with weight [15] <in [Featureless] [Desert] tiles>",
					"Generated with weight [30] <in [Hill] tiles>",
					"Minor deposits generated with weight [10] <in [Marsh] tiles>",
					"Minor deposits generated with weight [10] <in [Jungle] [Hill] tiles>",
					"Minor deposits generated with weight [20] <in [Forest] tiles>",
					"Minor deposits generated with weight [20] <in [Hill] tiles> <in tiles without [Forest]> <in tiles without [Jungle]>",
					"Minor deposits generated with weight [30] <in [Featureless] [Grassland] tiles> <in tiles without [Fresh Water]>",
					"Minor deposits generated with weight [30] <in [Featureless] [Plains] tiles>",
					"Minor deposits generated with weight [40] <in [Featureless] [Desert] tiles>",
					"Minor deposits generated with weight [40] <in [Featureless] [Tundra] tiles>",
					"Minor deposits generated with weight [50] <in [Featureless] [Snow] tiles>"],
		"majorDepositAmount": {"sparse": 4, "default": 5, "abundant": 6},
		"minorDepositAmount": {"sparse": 2, "default": 3, "abundant": 4}
	},
	{
		"name": "Coal",
		"resourceType": "Strategic",
		"revealedBy": "Industrialization",
		"terrainsCanBeFoundOn": ["Grassland","Plains","Hill","Jungle","Forest","Marsh"],
		"production": 1,
		"improvement": "Mine",
		"improvementStats": {"production": 1},
		"uniques": ["Resource", "Generated with weight [35] <in [Hill] tiles>",
					"Generated with weight [30] <in [Jungle] tiles> <in tiles without [Hill]>",
					"Generated with weight [30] <in [Forest] tiles> <in tiles without [Hill]>",
					"Minor deposits generated with weight [10] <in [Marsh] tiles> <in tiles without [Hill]>",
					"Minor deposits generated with weight [10] <in [Jungle] tiles>",
					"Minor deposits generated with weight [10] <in [Forest] tiles>",
					"Minor deposits generated with weight [20] <in [Grassland] [Hill] tiles>",
					"Minor deposits generated with weight [20] <in [Plains] [Hill] tiles>",
					"Minor deposits generated with weight [30] <in [Desert] [Hill] tiles>",
					"Minor deposits generated with weight [30] <in [Tundra] [Hill] tiles>",
					"Minor deposits generated with weight [30] <in [Snow] [Hill] tiles>"],
		"majorDepositAmount": {"sparse": 4, "default": 5, "abundant": 6},
		"minorDepositAmount": {"sparse": 2, "default": 3, "abundant": 4}
	},
	{
		"name": "Oil",
		"resourceType": "Strategic",
		"revealedBy": "Biology",
		"terrainsCanBeFoundOn": ["Desert","Coast","Tundra","Snow","Marsh","Jungle"],
		"production": 1,
		"improvedBy": ["Oil well", "Offshore Platform"],
		"improvementStats": {"production": 2},
		"uniques": ["Resource", "Deposits in [Coast] tiles always provide [4] resources",
					"Guaranteed with Strategic Balance resource option",
					"Generated with weight [65] <in [Marsh] tiles> <in tiles without [Hill]>",
					"Generated with weight [40] <in [Featureless] [Tundra] tiles>",
					"Generated with weight [60] <in [Featureless] [Snow] tiles>",
					"Generated with weight [65] <in [Featureless] [Desert] tiles>",
					"Generated with weight [100] <in [Featureless] [Coast] tiles>",
					"Minor deposits generated with weight [20] <in [Marsh] tiles> <in tiles without [Hill]>",
					"Minor deposits generated with weight [10] <in [Jungle] tiles> <in tiles without [Hill]>",
					"Minor deposits generated with weight [10] <in [Featureless] [Desert] tiles>",
					"Minor deposits generated with weight [20] <in [Featureless] [Tundra] tiles>",
					"Minor deposits generated with weight [20] <in [Featureless] [Snow] tiles>"],
		"majorDepositAmount": {"sparse": 3, "default": 4, "abundant": 6},
		"minorDepositAmount": {"sparse": 2, "default": 3, "abundant": 4}
	},
	{
		"name": "Aluminum",
		"resourceType": "Strategic",
		"revealedBy": "Electricity",
		"terrainsCanBeFoundOn": ["Desert","Tundra","Hill","Snow","Jungle"],
		"production": 1,
		"improvement": "Mine",
		"improvementStats": {"production": 1},
		"uniques": ["Resource", "Generated with weight [15] <in [Featureless] [Tundra] tiles>",
					"Generated with weight [15] <in [Featureless] [Snow] tiles>",
					"Generated with weight [30] <in [Hill] tiles>",
					"Minor deposits generated with weight [20] <in [Jungle] tiles>",
					"Minor deposits generated with weight [10] <in [Featureless] [Desert] tiles>"],
		"majorDepositAmount": {"sparse": 3, "default": 4, "abundant": 6},
		"minorDepositAmount": {"sparse": 2, "default": 3, "abundant": 4}
	},
	{
		"name": "Uranium",
		"resourceType": "Strategic",
		"revealedBy": "Atomic Theory",
		"terrainsCanBeFoundOn": ["Desert", "Marsh", "Jungle", "Forest", "Tundra", "Snow"],
		"production": 1,
		"improvement": "Mine",
		"improvementStats": {"production": 1},
		"uniques": ["Resource", "Generated with weight [40] <in [Desert] tiles> <in tiles without [Hill]>",
			                "Generated with weight [30] <in [Marsh] tiles> <in tiles without [Hill]>",
					"Generated with weight [35] <in [Jungle] tiles> <in tiles without [Hill]>",
					"Generated with weight [25] <in [Forest] tiles> <in tiles without [Hill]>",
					"Minor deposits generated with weight [20] <in [Forest] tiles>",
					"Minor deposits generated with weight [15] <in [Featureless] [Tundra] tiles>",
					"Minor deposits generated with weight [10] <in [Featureless] [Snow] tiles>",
			                "Minor deposits generated with weight [5] <in [Featureless] [Desert] tiles>"],
		"majorDepositAmount": {"sparse": 3, "default": 4, "abundant": 6},
		"minorDepositAmount": {"sparse": 2, "default": 3, "abundant": 4}
	},
	
	// Luxury resources
	{
		"name": "Furs",
		"resourceType": "Luxury",
		"revealedBy": "Animal Husbandry",
		"terrainsCanBeFoundOn": ["Forest", "Tundra"],
		"gold": 1,
		"improvement": "Camp",
		"uniques": ["Resource", "Generated with weight [60] <in [Tundra] Regions>",
					"Generated with weight [20] <in [Forest] Regions>"]
	},
	{
		"name": "Cotton",
		"resourceType": "Luxury",
		"revealedBy": "Pottery",
		"terrainsCanBeFoundOn": ["Grassland", "Flood plains"],
		"gold": 1,
		"improvement": "Plantation",
		"uniques": ["Resource", "Generated with weight [16] <in [Desert] Regions>",
					"Generated with weight [16] <in [Grassland] Regions>",
					"Generated with weight [32] <in [Hybrid] Regions>",
					"Doesn't generate naturally <in [Hill] tiles>"]
	},
	{
		"name": "Gems",
		"resourceType": "Luxury",
		"revealedBy": "Mining",
		"terrainsCanBeFoundOn": ["Jungle", "Forest", "Hill", "Tundra"],
		"gold": 1,
		"improvement": "Mine",
		"uniques": ["Resource", "Generated with weight [15] <in [Tundra] Regions>",
					"Generated with weight [20] <in [Jungle] Regions>",
					"Generated with weight [15] <in [Hill] Regions>",
					"Generated with weight [5] <in [Grassland] Regions>",
					"Generated with weight [5] <in [Hybrid] Regions>",
					"Generated near City States with weight [10]",
					"Doesn't generate naturally <in [Forest] tiles> <in tiles without [Hill]>"]
	},
	{
		"name": "Gold Ore",
		"resourceType": "Luxury",
		"revealedBy": "Mining",
		"terrainsCanBeFoundOn": ["Desert", "Hill", "Forest", "Jungle"],
		"gold": 1,
		"improvement": "Mine",
		"uniques": ["Resource", "Generated with weight [30] <in [Desert] Regions>",
					"Generated with weight [20] <in [Hill] Regions>",
					"Generated with weight [5] <in [Plains] Regions>",
					"Generated with weight [5] <in [Hybrid] Regions>",
					"Generated near City States with weight [10]",
					"Doesn't generate naturally <in [Forest] tiles> <in tiles without [Hill]>",
					"Doesn't generate naturally <in [Jungle] tiles> <in tiles without [Hill]>"]
	},
	{
		"name": "Silver",
		"resourceType": "Luxury",
		"revealedBy": "Mining",
		"terrainsCanBeFoundOn": ["Hill","Forest","Jungle","Tundra","Grassland"],
		"gold": 1,
		"improvement": "Mine",
		"uniques": ["Resource", "Generated with weight [25] <in [Tundra] Regions>", 
					"Generated with weight [30] <in [Hill] Regions>",
					"Generated with weight [20] <in [Grassland] Regions>",
					"Generated with weight [15] <in [Hybrid] Regions>",
					"Generated near City States with weight [10]",
					"Doesn't generate naturally <in [Forest] tiles> <in tiles without [Hill]>",
					"Doesn't generate naturally <in [Jungle] tiles> <in tiles without [Hill]>",
					"Doesn't generate naturally <in [Tundra] [Hill] tiles>",
					"Doesn't generate naturally <in [Grassland] [Fresh Water] tiles>",
					"Doesn't generate naturally <in [Grassland] [Hill] tiles>"
		]
	},
	{
		"name": "Incense",
		"resourceType": "Luxury",
		"revealedBy": "Pottery",
		"terrainsCanBeFoundOn": ["Plains","Desert","Flood plains"],
		"faith": 1,
		"improvement": "Plantation",
		"uniques": ["Resource", "Generated with weight [35] <in [Desert] Regions>",
					"Generated with weight [10] <in [Plains] Regions>",
					"Generated with weight [5] <in [Hybrid] Regions>",
					"Generated near City States with weight [15]"]
	},
	{
		"name": "Coffee",
		"resourceType": "Luxury",
		"revealedBy": "Pottery",
		"terrainsCanBeFoundOn": ["Grassland","Jungle","Hill"],
		"food": 1,
		"improvement": "Plantation",
		"uniques": ["Resource", "Generated with weight [25] <in [Jungle] Regions>",
			                "Generated with weight [20] <in [Desert] Regions>",
					"Generated with weight [5] <in [Hybrid] Regions>",
		                        "Doesn't generate naturally <in [Tundra] tiles>", "Doesn't generate naturally <in [Plains] tiles>", "Doesn't generate naturally <in [Hill] tiles>", "Doesn't generate naturally <in [Desert] tiles>",
		                        "Doesn't generate naturally <in [Tundra] Regions>", "Doesn't generate naturally <in [Desert] Regions>"]
	},
	{
		"name": "Tobacco",
		"resourceType": "Luxury",
		"revealedBy": "Pottery",
		"terrainsCanBeFoundOn": ["Grassland","Plains","Jungle", "Forest"],
		"faith": 1,
		"improvement": "Plantation",
		"uniques": ["Resource", "Generated with weight [25] <in [Jungle] Regions>",
					"Generated with weight [5] <in [Hybrid] Regions>",
                                        "Doesn't generate naturally <in [Hill] tiles>",
			                "Doesn't generate naturally <in [Tundra] tiles>",
			                "Doesn't generate naturally <in [Desert] tiles>",
		                        "Doesn't generate naturally <in [Tundra] Regions>", 
			                "Doesn't generate naturally <in [Desert] Regions>"]
	},
	{
		"name": "Cocoa",
		"resourceType": "Luxury",
		"revealedBy": "Pottery",
		"terrainsCanBeFoundOn": ["Grassland","Plains","Jungle"],
		"culture": 1,
		"improvement": "Plantation",
		"uniques": ["Resource", "Generated with weight [25] <in [Jungle] Regions>",
                                        "Doesn't generate naturally <in [Hill] tiles>",
					"Generated with weight [5] <in [Hybrid] Regions>",
		                        "Doesn't generate naturally <in [Tundra] Regions>",
			                "Doesn't generate naturally <in [Desert] Regions>"]
	},
	{
		"name": "Ivory",
		"resourceType": "Luxury",
		"revealedBy": "Animal Husbandry",
		"terrainsCanBeFoundOn": ["Plains", "Grassland", "Desert"],
		"gold": 1,
		"improvement": "Camp",
		"uniques": ["Resource", "Generated with weight [35] <in [Plains] Regions>",
                                        "Generated with weight [25] <in [Desert] Regions>",
					"Generated with weight [15] <in [Hybrid] Regions>",
					"Generated near City States with weight [10]",
					"Doesn't generate naturally <in [Grassland] [Fresh Water] tiles>"]
	},
	{
		"name": "Silk",
		"resourceType": "Luxury",
		"revealedBy": "Pottery",
		"terrainsCanBeFoundOn": ["Forest","Jungle"],
		"culture": 1,
		"improvement": "Plantation",
		"uniques": ["Resource", "Generated with weight [5] <in [Jungle] Regions>",
					"Generated with weight [30] <in [Forest] Regions>",
					"Generated with weight [5] <in [Hybrid] Regions>",
					"Generated near City States with weight [15]",
					"Doesn't generate naturally <in [Hill] tiles>"]
	},
	{
		"name": "Spices",
		"resourceType": "Luxury",
		"gold": 2,
		"uniques": ["Can only be created by Mercantile City-States"]
	},
	{
		"name": "Wine",
		"resourceType": "Luxury",
		"uniques": ["[-5]% [Production] [in all cities]"]
	},
	{
		"name": "Beer",
		"resourceType": "Luxury",
		"uniques": ["[-5]% [Production] [in all cities]"]
	},
	{
		"name": "Rum",
		"resourceType": "Luxury",
		"uniques": ["[-5]% [Production] [in all cities]"]
	},
	{
		"name": "Whisky",
		"resourceType": "Luxury",
		"uniques": ["[-5]% [Production] [in all cities]"]
	},
	{
		"name": "Vodka",
		"resourceType": "Luxury",
		"uniques": ["[-5]% [Production] [in all cities]"]
	},
	{
		"name": "Cognac",
		"resourceType": "Luxury",
		"uniques": ["[-5]% [Production] [in all cities]"]
	},
	{
		"name": "Sugar",
		"resourceType": "Luxury",
		"revealedBy": "Pottery",
		"terrainsCanBeFoundOn": ["Flood plains", "Grassland", "Marsh", "Jungle"],
		"food": 1,
		"improvement": "Plantation",
		"uniques": ["Resource", "Generated with weight [64] <in [Marsh] tiles>",
			                "Generated with weight [32] <in [Jungle] Regions>",
					"Generated with weight [8] <in [Desert] Regions>",
					"Generated with weight [16] <in [Grassland] Regions>",
					"Generated with weight [4] <in [Hybrid] Regions>",
					"Doesn't generate naturally <in [Grassland] tiles> <in tiles without [Fresh Water]>"]
	},
	{
		"name": "Marble",
		"resourceType": "Luxury",
		"revealedBy": "Mining",
		"terrainsCanBeFoundOn": ["Desert","Plains","Hill","Grassland"],
		"production": 1,
		"improvement": "Quarry",
		"uniques": ["Resource", "[+15]% Production when constructing [All] wonders [in all cities]",
					"Special placement during map generation",
					"Doesn't generate naturally <in [Grassland] [Fresh Water] tiles>"]
	},
	{
		"name": "Whales",
		"resourceType": "Luxury",
		"revealedBy": "Sailing",
		"terrainsCanBeFoundOn": ["Coast"],
		"gold": 1,
		"improvement": "Fishing Boats",
		"uniques": ["Resource", "Generated with weight [66] <in [Tundra] Regions>",
					"Generated with weight [15] <in [Hybrid] Regions>",
					"Generated near City States with weight [15]"]
	},
	{
		"name": "Pearls",
		"resourceType": "Luxury",
		"revealedBy": "Sailing",
		"terrainsCanBeFoundOn": ["Coast"],
		"gold": 1,
		"improvement": "Fishing Boats",
		"uniques": ["Resource", "Generated with weight [66] <in [Jungle] Regions>",
					"Generated with weight [33] <in [Forest] Regions>",
					"Generated with weight [15] <in [Hybrid] Regions>",
					"Generated near City States with weight [15]"]
	},
	{
		"name": "Jewelry",
		"resourceType": "Luxury",
		"gold": 2,
		"uniques": ["Can only be created by Mercantile City-States"]
	},
	{
		"name": "Porcelain",
		"resourceType": "Luxury",
		"gold": 2,
		"uniques": ["Can only be created by Mercantile City-States"]
	},
	{
		"name": "Dyes",
		"resourceType": "Luxury",
		"gold": 2,
		"uniques": ["Can only be created by Mercantile City-States"]
	},
	{
		"name": "Citrus",
		"resourceType": "Luxury",
		"revealedBy": "Pottery",
		"terrainsCanBeFoundOn": ["Jungle","Forest","Flood plains"],
		"food": 1,
		"improvement": "Plantation",
		"uniques": ["Resource", "Generated with weight [30] <in [Jungle] Regions>",
					"Generated with weight [5] <in [Forest] Regions>",
					"Generated with weight [5] <in [Desert] Regions>",
					"Generated with weight [5] <in [Hybrid] Regions>",
					"Generated near City States with weight [15]",
					"Doesn't generate naturally <in [Tundra] tiles>"]
	},
	{
		"name": "Copper",
		"resourceType": "Luxury",
		"revealedBy": "Mining",
		"terrainsCanBeFoundOn": ["Hill","Forest","Jungle","Grassland","Tundra"],
		"production": 1,
		"improvement": "Mine",
		"uniques": ["Resource", "Generated with weight [15] <in [Tundra] Regions>",
					"Generated with weight [5] <in [Jungle] Regions>",
					"Generated with weight [5] <in [Forest] Regions>",
					"Generated with weight [10] <in [Desert] Regions>",
					"Generated with weight [30] <in [Hill] Regions>",
					"Generated with weight [20] <in [Grassland] Regions>",
					"Generated with weight [20] <in [Hybrid] Regions>",
					"Generated near City States with weight [10]",
					"Doesn't generate naturally <in [Grassland] [Fresh Water] tiles>",
					"Doesn't generate naturally <in [Jungle] tiles> <in tiles without [Hill]>",
					"Doesn't generate naturally <in [Forest] tiles> <in tiles without [Hill]> <in tiles without [Tundra]>"]
	},
	{
		"name": "Crab",
		"resourceType": "Luxury",
		"revealedBy": "Sailing",
		"terrainsCanBeFoundOn": ["Coast"],
		"food": 1,
		"improvement": "Fishing Boats",
		"uniques": ["Resource", "Generated with weight [32] <in [Desert] Regions>",
					"Generated with weight [24] <in [Jungle] Regions>",
					"Generated with weight [16] <in [Tundra] Regions>",
					"Generated near City States with weight [8]"]
	},
	{
		"name": "Salt",
		"resourceType": "Luxury",
		"revealedBy": "Mining",
		"terrainsCanBeFoundOn": ["Desert","Tundra","Plains","Forest"],
		"food": 1,
		"improvement": "Mine",
		"uniques": ["Resource", "Generated with weight [15] <in [Tundra] Regions>",
					"Generated with weight [5] <in [Forest] Regions>",
					"Generated with weight [15] <in [Desert] Regions>",
					"Generated with weight [10] <in [Hill] Regions>",
					"Generated with weight [25] <in [Plains] Regions>",
					"Generated with weight [15] <in [Hybrid] Regions>",
					"Generated near City States with weight [10]",
					"Doesn't generate naturally <in [Forest] [Hill] tiles>"]
	},
	{
		"name": "Truffles",
		"resourceType": "Luxury",
		"revealedBy": "Animal Husbandry",
		"terrainsCanBeFoundOn": ["Forest", "Marsh", "Jungle"],
		"food": 1,
		"improvement": "Camp",
		"uniques": ["Resource", "Generated with weight [5] <in [Jungle] Regions>",
					"Generated with weight [40] <in [Forest] Regions>",
					"Generated with weight [5] <in [Plains] Regions>",
					"Generated with weight [5] <in [Grassland] Regions>",
					"Generated with weight [10] <in [Hybrid] Regions>",
					"Generated near City States with weight [15]",
					"Doesn't generate naturally <in [Forest] [Hill] tiles>",
					"Doesn't generate naturally <in [Tundra] [Forest] tiles>"]
	}
]
