[
	{
		"name": "Farm",
		"type": "Improvement",
		"terrainsCanBeBuiltOn": ["Plains", "Grassland", "Flood plains"],
		"food": 1,
		"turnsToBuild": 7,
		"techRequired": "Agriculture",
		"uniques": ["Cannot be built on [Hill] tiles", "Can also be built on tiles adjacent to fresh water", "Improvement",
			"[+1 Food] from [Fresh water] tiles <after discovering [Civil Service]>",
			"[+1 Food] <after discovering [Fertilizer]>",
            "Pillaging this improvement yields approximately [+13 Gold]"],
		"shortcutKey": "F"
	},
	{
		"name": "Lumber mill",
		"type": "Improvement",
		"terrainsCanBeBuiltOn": ["Forest"],
		"production": 1,
		"turnsToBuild": 7,
		"techRequired": "Archery",
		"uniques": ["Improvement", "[+1 Production] <after discovering [Scientific Theory]>", "Pillaging this improvement yields approximately [+13 Gold]"],
		"shortcutKey": "L"
	},
	{
		"name": "Mine",
		"type": "Improvement",
		"terrainsCanBeBuiltOn": ["Hill"],
		"production": 1,
		"turnsToBuild": 7,
		"techRequired": "Mining",
		"uniques": ["Improvement", "[+1 Production] <after discovering [Steam Power]>", "Pillaging this improvement yields approximately [+13 Gold]"],
		"shortcutKey": "M"
	},
	{
		"name": "Trading post",
		"type": "Improvement",
		"terrainsCanBeBuiltOn": ["Plains","Grassland","Desert","Hill","Tundra","Flood plains"],
		"gold": 1,
		"turnsToBuild": 7,
		"techRequired": "Guilds",
		"uniques": ["Improvement", "[+1 Gold] for each adjacent [Resource] <after discovering [Economics]>", "Pillaging this improvement yields approximately [+13 Gold]"],
		"shortcutKey": "T"
	},

	// Resource-specific
	{
		"name": "Camp",
		"type": "Improvement",
		"production": 1,
		"turnsToBuild": 7,
		"techRequired": "Trapping",
		"uniques": ["Improvement", "Does not need removal of [Forest]", "Does not need removal of [Jungle]", "[+1 Gold] <after discovering [Economics]>", "Can only be built to improve a resource", "Pillaging this improvement yields approximately [+13 Gold]"],
		"shortcutKey": "C"
	},
	{
		"name": "Oil well",
		"type": "Improvement",
		"production": 2,
		"turnsToBuild": 9,
		"techRequired": "Biology",
		"uniques": ["Improvement", "Can only be built to improve a resource", "Cannot be built on [Water] tiles", "Pillaging this improvement yields approximately [+13 Gold]"],
		"shortcutKey": "W"
	},
	{
		"name": "Offshore Platform",
		"type": "Improvement",
		"production": 1,
		"techRequired": "Refrigeration",
		"uniques": ["Improvement", "Can only be built to improve a resource", "Can only be built on [Water] tiles", "Pillaging this improvement yields approximately [+13 Gold]"],
		"shortcutKey": "P"
	},
	{
		"name": "Pasture",
		"type": "Improvement",
		"turnsToBuild": 8,
		"production": 1,
		"techRequired": "Animal Husbandry",
		"uniques": ["Improvement", "[+1 Food] <after discovering [Fertilizer]>", "Can only be built to improve a resource", "Pillaging this improvement yields approximately [+13 Gold]"],
		"shortcutKey": "P"
	},
	{
		"name": "Plantation",
		"type": "Improvement",
		"turnsToBuild": 6,
		"gold": 1,
		"techRequired": "Calendar",
		"uniques": ["Improvement", "[+1 Food] <after discovering [Fertilizer]>", "Can only be built to improve a resource", "Pillaging this improvement yields approximately [+13 Gold]"],
		"shortcutKey": "P"
	},
	{
		"name": "Quarry",
		"type": "Improvement",
		"turnsToBuild": 8,
		"production": 1,
		"techRequired": "Masonry",
		"uniques": ["Improvement", "[+1 Production] <after discovering [Steam Power]>", "Can only be built to improve a resource", "Pillaging this improvement yields approximately [+13 Gold]"],
		"shortcutKey": "Q"
	},
	{
		"name": "Fishing Boats",
		"type": "Improvement",
		"terrainsCanBeBuiltOn": ["Coast"],
		"food": 1,
		"techRequired": "Sailing",
		"uniques": ["Improvement", "[+1 Gold] <after discovering [Compass]>", "Can only be built to improve a resource", "Pillaging this improvement yields approximately [+13 Gold]"],
		"shortcutKey": "F"
	},

	// Military improvement
	{
		"name": "Fort",
		"type": "Improvement",
		"terrainsCanBeBuiltOn": ["Plains","Grassland","Desert","Hill","Tundra","Snow","Forest","Jungle"],
		"turnsToBuild": 6,
		"techRequired": "Engineering",
		"uniques": ["Improvement", "Can be built outside your borders", "Gives a defensive bonus of [50]%", "Unpillagable"],
		"shortcutKey": "O"
	},
	
	// Transportation
	{
		"name": "Road",
		"terrainsCanBeBuiltOn": ["Land"],
		"turnsToBuild": 4,
		"techRequired": "The Wheel",
		"uniques": ["Can be built outside your borders", "Costs [1] [Gold] per turn"],
		"shortcutKey": "R",
        "civilopediaText": [
            {"text":"Reduces movement cost to ½ if the other tile also has a Road or Railroad"},
            {"text":"Reduces movement cost to ⅓ with Machinery", "link":"Technology/Machinery"},
            {"text":"Requires Engineering to bridge rivers", "link":"Technology/Engineering"}
        ]
	},
	{
		"name": "Railroad",
		"terrainsCanBeBuiltOn": ["Land"],
		"turnsToBuild": 6,
		"techRequired": "Steam Power",
		"uniques": ["Can be built outside your borders", "Costs [3] [Gold] per turn"],
		"shortcutKey": "R",
        "civilopediaText": [{"text":"Reduces movement cost to ⅒ if the other tile also has a Railroad"}]
	},

	// Removals
	// Any improvement that starts with 'Remove ' is automatically changed into
	// the improvement that removes the terrainfeature after it.
	{
		"name": "Remove Forest",
		"turnsToBuild": 4,
		"techRequired": "Mining",
		"uniques": ["Can be built outside your borders"],
		"shortcutKey": "X",
        "civilopediaText": [{"text":"Provides a one-time Production bonus depending on distance to the closest city once finished"}]
	},
	{
		"name": "Remove Jungle",
		"turnsToBuild": 7,
		"techRequired": "Bronze Working",
		"uniques": ["Can be built outside your borders"],
		"shortcutKey": "X",
        "civilopediaText": [{"text":"Provides a one-time Production bonus depending on distance to the closest city once finished"}]
	},
	{
		"name": "Remove Fallout",
		"turnsToBuild": 2,
		// Has no tech requirements as it can always be built
		"uniques": ["Can be built outside your borders"],
		"shortcutKey": "X"
	},
	{
		"name": "Remove Fort",
		"turnsToBuild": 5,
		// Has no tech requirements as it can always be built
		"uniques": ["Can be built outside your borders"],
		"shortcutKey": "X"
	},
	{
		"name": "Remove Marsh",
		"turnsToBuild": 5,
		"techRequired": "Masonry",
		"uniques": ["Can be built outside your borders"],
		"shortcutKey": "X"
	},

	// These are unique and have unique in-game checks related to them
	{
		"name": "Remove Road",
		"turnsToBuild": 2,
		"uniques": ["Can be built outside your borders"]
	},
	{
		"name": "Remove Railroad",
		"turnsToBuild": 2,
		"uniques": ["Can be built outside your borders"]
	},
	{
		"name": "Cancel improvement order",
		"uniques": ["Can be built outside your borders"],
		"shortcutKey": "."
	},
        {
        "name": "Repair",
        "terrainsCanBeBuiltOn": ["Land"],
        "turnsToBuild": 2,
        "shortcutKey": "E",
        "uniques": ["Unbuildable"],
        "civilopediaText": [{"text":"Repairs a pillaged Improvement or Route"}]
    },



	// Great Person improvements
	{
		"name": "Academy",
		"type": "Improvement",
		"terrainsCanBeBuiltOn": ["Land"],
		"science": 5,
		"uniques": ["Improvement", "Great Improvement", "Removes removable features when built", "Pillaging this improvement yields approximately [+55 Science]"]
	},
	{
		"name": "Landmark",
		"type": "Improvement",
		"terrainsCanBeBuiltOn": ["Land"],
		"culture": 5,
		"uniques": ["Improvement", "Great Improvement", "Removes removable features when built", "Pillaging this improvement yields approximately [+55 Culture]"]
	},
	{
		"name": "Manufactory",
		"type": "Improvement",
		"terrainsCanBeBuiltOn": ["Land"],
		"production": 5,
		"uniques": ["Improvement", "Great Improvement", "Removes removable features when built", "Pillaging this improvement yields approximately [+55 Gold]"]
	},
	{
		"name": "Customs house",
		"type": "Improvement",
		"terrainsCanBeBuiltOn": ["Land"],
		"gold": 5,
		"uniques": ["Improvement", "Great Improvement", "Removes removable features when built", "Pillaging this improvement yields approximately [+55 Gold]"]
	},
	{
		"name": "Holy site",
		"type": "Improvement",
		"terrainsCanBeBuiltOn": ["Land"],
		"faith": 5,
		"uniques": ["Improvement", "Great Improvement", "Removes removable features when built", "Pillaging this improvement yields approximately [+55 Faith]"]
	},
	{
		"name": "Citadel",
		"type": "Improvement",
		"terrainsCanBeBuiltOn": ["Land"],
		"uniques": ["Great Improvement", "Improvement",
			"Gives a defensive bonus of [100]%",
			"Adjacent enemy units ending their turn take [33] damage",
			"Can be built just outside your borders", "Unpillagable",
        	"Constructing it will take over the tiles around it and assign them to your closest city",
			"Removes removable features when built",
		]
	},
	//Civilization unique improvements
	{
		"name": "Marae",
		"type": "Improvement",
		"uniqueTo": "Polynesia",
		"culture": 1,
		"terrainsCanBeBuiltOn": ["Plains", "Grassland"],
		"turnsToBuild": 5,
		"uniques": ["Improvement", "[+1 Food] <within [1] tiles of a [Coast]>", "Gives a defensive bonus of [10]%", "[+1 Culture] <after discovering [Archaeology]>", "[+1 Gold] <after discovering [Flight]>", "Pillaging this improvement yields approximately [+13 Gold]"],
		"techRequired": "Construction",
		"shortcutKey": "M"
	},
	{
		"name": "Nubian pyramid",
		"type": "Improvement",
		"uniqueTo": "Nubia",
		"terrainsCanBeBuiltOn": ["Desert", "Flood plains"],
		"faith": 1,
		"turnsToBuild": 6,
		"uniques": ["Improvement", "[+1 Production, +1 Gold] for each adjacent [Mine]", "[+1 Food] for each adjacent [City center]", "[+1 Culture] <after discovering [Archaeology]>", "[+1 Gold] <after discovering [Flight]>", "Pillaging this improvement yields approximately [+13 Gold]"],
		"techRequired": "Construction",
		"shortcutKey": "P"
	},
	{
		"name": "Terrace farm",
		"type": "Improvement",
		"uniqueTo": "Inca",
		"terrainsCanBeBuiltOn": ["Hill"],
		"food": 1,
		"turnsToBuild": 6,
		"uniques": ["Improvement", "Cannot be built on [Resource] tiles",
			"[+1 Food] for each adjacent [Mountain]",
			"[+1 Food] from [Fresh water] tiles <after discovering [Civil Service]>",
			"[+1 Food] <after discovering [Fertilizer]>",
            "Pillaging this improvement yields approximately [+13 Gold]"],
		"techRequired": "Construction",
		"shortcutKey": "F"
	},
	{
		"name": "Rice paddy",
		"type": "Improvement",
		"uniqueTo": "Vietnam",
		"terrainsCanBeBuiltOn": ["Grassland", "Marsh"],
		"techRequired": "Agriculture",
		"food": 1,
		"turnsToBuild": 6,
		"uniques": ["Improvement", "Cannot be built on [Resource] tiles",
			    "[+1 Food] from [Fresh water] tiles",
			    "[+1 Food, +1 Culture] <in [Marsh] tiles>",
                            "Pillaging this improvement yields approximately [+13 Gold]"],
	         "shortcutKey": "F"
	},
	{
		"name": "Polder",
		"type": "Improvement",
		"uniqueTo": "The Netherlands",
		"food": 1,
		"production": 1,
		"terrainsCanBeBuiltOn": ["Grassland", "Plains", "Marsh"],
		"turnsToBuild": 7,
		"uniques": ["Improvement", "Can only be built on [Coastal] tiles", "[+2 Food] <in [Marsh] tiles>", "[+1 Production, +1 Gold] <after discovering [Economics]>", "Pillaging this improvement yields approximately [+13 Gold]"],
		"techRequired": "Guilds",
		"shortcutKey": "P"
	},
	{
		"name": "Ziggurat",
		"type": "Improvement",
		"uniqueTo": "Sumeria",
		"faith": 1,
		"terrainsCanBeBuiltOn": ["Plains", "Grassland", "Flood plains"],
		"turnsToBuild": 8,
		"uniques": ["Improvement", "Cannot be built on [Resource] tiles",
			"[+1 Food] from [Fresh water] tiles",
			"[+1 Food] from [Fresh water] tiles <after discovering [Fertilizer]>",
			"[+1 Science] <after discovering [Philosophy]>",
			"[+1 Culture] <after discovering [Archaeology]>",
			"Pillaging this improvement yields approximately [+13 Gold]"],
		"techRequired": "Calendar",
		"shortcutKey": "Z"
	},
	{
		"name": "Outback Station",
		"type": "Improvement",
		"uniqueTo": "Australia",
		"terrainsCanBeBuiltOn": ["Plains", "Grassland", "Desert"],
		"food": 1,
		"turnsToBuild": 8,
		"uniques": ["Improvement", "Cannot be built on [Resource] tiles",
			"[+1 Food] for each adjacent [Pasture]",
			"[+1 Production] for each adjacent [Pasture] <after discovering [Steam Power]>",
			"Pillaging this improvement yields approximately [+13 Gold]"],
		"techRequired": "Guilds",
		"shortcutKey": "O"
	},
	{
		"name": "Hacienda",
		"uniqueTo": "Gran Colombia",
		"production": 1,
		"turnsToBuild": 7,
		"terrainsCanBeBuiltOn": ["Grassland", "Plains"],
		"uniques": ["Improvement", "Cannot be built on [Resource] tiles",
			"[+1 Food, +1 Gold] for each adjacent [Plantation]",
			"[+1 Production] for each adjacent [Plantation] <after discovering [Steam Power]>",
			"[+1 Food, +1 Gold] <after discovering [Replaceable Parts]>",
			"Pillaging this improvement yields approximately [+13 Gold]"],
		"techRequired": "Economics",
		"shortcutKey": "H"
	},
	{
		"name": "Umah",
		"uniqueTo": "Majapahit",
		"production": 1,
		"terrainsCanBeBuiltOn": ["Land"],
		"turnsToBuild": 5,
		"techRequired": "Sailing",
		"uniques": ["Improvement", "Does not need removal of [Forest]", "Does not need removal of [Jungle]", "[+1 Food] for each adjacent [Water resource]", "[+1 Production] <after discovering [Replaceable Parts]>", "Pillaging this improvement yields approximately [+13 Gold]"],
		"shortcutKey": "R"
	},
	
	// Unbuildable improvements
	{
		"name": "City ruins",
		"terrainsCanBeBuiltOn": ["Land"],
		"uniques": ["[-2 Food] <in [Grassland] tiles> <in tiles without [Hill]>", "[-1 Food, -1 Production] <in [Plains] tiles> <in tiles without [Hill]>", "[-2 Production] <in [Hill] tiles>", "Gives a defensive bonus of [15]%", "Unpillagable", "Unbuildable"],
        "civilopediaText": [{"text":"A bleak reminder of the destruction wreaked by War"}]
	},
	{
		"name": "Ancient ruins",
		"terrainsCanBeBuiltOn": ["Tundra", "Grassland", "Plains", "Hill", "Desert"],
		"uniques": ["Unpillagable", "Provides a random bonus when entered", "Unbuildable", "Cannot be built on [Snow] tiles"]
	},
	{
		"name": "City center",
		"terrainsCanBeBuiltOn": ["Land"],
		"uniques": ["Improvement", "Unpillagable", "Irremovable", "Unbuildable"],
        "civilopediaText": [
			{"text":"Marks the center of a city"},
			{"text":"Appearance changes with the technological era of the owning civilization"}
		]
	},
	{
		"name": "Barbarian encampment",
		"terrainsCanBeBuiltOn": ["Tundra", "Grassland", "Plains", "Hill", "Desert"],
		"uniques": ["Unpillagable", "Unbuildable", "Cannot be built on [Snow] tiles"],
        "civilopediaText": [{"text":"Home to uncivilized barbarians, will spawn a hostile unit from time to time"}]
	}
]
