[

	/* Ancient Era */
	{
		"name": "Worker",
		"unitType": "Civilian",
		"movement": 2,
		"uniques": ["Can build [Land] improvements on tiles"],
		"cost": 50
	},
	{
		"name": "Settler",
		"unitType": "Civilian",
		"movement": 2,
		"cost": 100,
		"uniques": ["Founds a new city", "Excess Food converted to Production when under construction",
			"Requires at least [2] population"],
		"hurryCostModifier": 20
	},
	{
		"name": "Scout",
		"unitType": "Scout",
		"movement": 2,
		"strength": 5,
		"cost": 25,
		"obsoleteTech": "Guilds",
		"upgradesTo": "Skirmisher",
		"uniques": ["May upgrade to [Archer] through ruins-like effects"],
		"attackSound": "nonmetalhit"
	},
	{
		"name": "Skirmisher",
		"unitType": "Scout",
		"movement": 2,
		"strength": 8,
		"rangedStrength": 15,
		"range": 1,
		"cost": 100,
		"requiredTech": "Guilds",
		"obsoleteTech": "Rifling",
		"upgradesTo": "Ranger",
		"attackSound": "arrow"
	},
	{
		"name": "Ranger",
		"unitType": "Scout",
		"movement": 2,
		"strength": 21,
		"rangedStrength": 30,
		"range": 1,
		"cost": 185,
		"requiredTech": "Rifling",
		"obsoleteTech": "Radar",
		"upgradesTo": "Paratrooper",
		"attackSound": "shot"
	},
	{
		"name": "Sharpshooter",
		"unitType": "Scout",
		"uniqueTo": "The Confederate States",
		"replaces": "Ranger",
		"movement": 2,
		"strength": 21,
		"rangedStrength": 30,
		"range": 2,
		"cost": 175,
		"uniques": ["[+50]% Strength <vs [Siege] units>"],
		"requiredTech": "Rifling",
		"obsoleteTech": "Radar",
		"upgradesTo": "Paratrooper",
		"attackSound": "shot"
	},
	{
		"name": "Warrior",
		"unitType": "Sword",
		"movement": 2,
		"strength": 8,
		"cost": 35,
		"obsoleteTech": "Metal Casting",
		"upgradesTo": "Swordsman",
		"uniques" : ["May upgrade to [Spearman] through ruins-like effects"],
		"attackSound": "nonmetalhit",
        "civilopediaText": [
			{"text": "This is your basic, club-swinging fighter."}
		]
	},
        {
		"name": "Maori Warrior",
		"unitType": "Sword",
		"uniqueTo": "Polynesia",
		"replaces": "Warrior",
		"movement": 2,
		"strength": 8,
		"cost": 35,
		"obsoleteTech": "Metal Casting",
		"uniques" : ["[+1] Movement <in [Water] tiles>", "Transfer Movement to [Civilian]"],
		"promotions": ["Haka War Dance"],
		"upgradesTo": "Swordsman",
		"attackSound": "nonmetalhit"
	},
	{
		"name": "Jaguar",
		"unitType": "Sword",
		"uniqueTo": "Aztecs",
		"replaces": "Warrior",
		"movement": 2,
		"strength": 10,
		"cost": 35,
		"obsoleteTech": "Metal Casting",
		"promotions": ["[Jaguar] ability"],
		"upgradesTo": "Swordsman",
		"attackSound": "nonmetalhit"
	},
	{
		"name": "Brute",
		"unitType": "Sword",
		"uniqueTo": "Barbarians",
		"replaces": "Warrior",
		"movement": 2,
		"strength": 8,
		"cost": 25,
		"obsoleteTech": "Metal Casting",
		"upgradesTo": "Swordsman",
		"attackSound": "nonmetalhit"
	},
	{
		"name": "Archer",
		"unitType": "Archery",
		"movement": 2,
		"strength": 5,
		"rangedStrength": 7,
		"cost": 35,
		"requiredTech": "Archery",
		"obsoleteTech": "Construction",
		"upgradesTo": "Composite Bowman",
		"attackSound": "arrow"
	},
	{
		"name": "Slinger",
		"unitType": "Scout",
		"uniqueTo": "Inca",
		"replaces": "Skirmisher",
		"movement": 2,
		"range": 1,
		"strength": 8,
		"rangedStrength": 16,
		"cost": 100,
		"requiredTech": "Guilds",
		"obsoleteTech": "Rifling",
		"upgradesTo": "Ranger",
		"promotions": ["Slinger Withdraw", "Scouting I"],
		"attackSound": "arrow"
	},
	{
		"name": "Atlatlist",
		"unitType": "Scout",
		"movement": 2,
		"strength": 6,
		"rangedStrength": 8,
		"cost": 35,
		"requiredTech": "Agriculture",
		"obsoleteTech": "Industrialization",
		"replaces": "Archer",
		"uniqueTo": "The Maya",
		"upgradesTo": "Composite Bowman",
		"attackSound": "arrow"
	},
	{
		"name": "Pitati",
		"unitType": "Archery",
		"movement": 3,
		"strength": 5,
		"rangedStrength": 7,
		"cost": 50,
		"requiredTech": "Archery",
		"obsoleteTech": "Machinery",
		"replaces": "Archer",
		"uniqueTo": "Nubia",
		"upgradesTo": "Composite Bowman",
		"uniques" : ["Earn [15]% of the damage done to [All] units as [Gold]"],
		"promotions":["Mercenary"],
		"attackSound": "arrow"
	},
	{
		"name": "Outlaw",
		"unitType": "Archery",
		"uniqueTo": "Barbarians",
		"replaces": "Archer",
		"movement": 2,
		"strength": 5,
		"rangedStrength": 7,
		"cost": 30,
		"requiredTech": "Archery",
		"obsoleteTech": "Machinery",
		"upgradesTo": "Composite Bowman",
		"attackSound": "arrow"
	},
	{
		"name": "Work Boats",
		"unitType": "Civilian Water",
		"movement": 3,
		"cost": 25,
		"requiredTech": "Sailing",
		"uniques": ["Cannot enter ocean tiles <before discovering [Astronomy]>", "May create improvements on water resources", "Uncapturable"]
	},
	{
		"name": "Trireme",
		"unitType": "Melee Water",
		"movement": 3,
		"strength": 12,
		"cost": 50,
		"requiredTech": "Sailing",
		"uniques": ["Cannot enter ocean tiles", "Never appears as a Barbarian unit"],
		"upgradesTo": "Caravel",
		"obsoleteTech": "Astronomy",
		"attackSound": "nonmetalhit"
	},
	{
		"name": "Quinquereme",
		"unitType": "Melee Water",
		"uniqueTo": "Carthage",
		"replaces": "Trireme",
		"movement": 3,
		"strength": 14,
		"cost": 50,
		"requiredTech": "Sailing",
		"uniques": ["Cannot enter ocean tiles", "Transfer Movement to [Civilian]"],
		"upgradesTo": "Caravel",
		"obsoleteTech": "Astronomy",
		"attackSound": "nonmetalhit"
	},
	{
		"name": "Dromon",
		"unitType": "Ranged Water",
		"uniqueTo": "Byzantium",
		"replaces": "Trireme",
		"movement": 3,
		"range": 1,
		"strength": 12,
		"rangedStrength": 12,
		"cost": 50,
		"requiredTech": "Sailing",
		"uniques": ["Cannot enter ocean tiles", "[+33]% Strength <vs [Military] units> <in [Water] tiles>"],
		"upgradesTo": "Galleass",
		"obsoleteTech": "Compass",
		"attackSound": "arrow"
	},
	{
		"name": "Galley",
		"unitType": "Melee Water",
		"uniqueTo": "Barbarians",
		"replaces": "Trireme",
		"movement": 3,
		"strength": 12,
		"cost": 40,
		"uniques": ["Cannot enter ocean tiles"],
		"upgradesTo": "Galleon",
		"obsoleteTech": "Compass",
		"attackSound": "nonmetalhit"
	},
	{
		"name": "War Chariot",
		"unitType": "Mounted",
		"movement": 3,
		"strength": 11,
		"cost": 50,
		"requiredTech": "The Wheel",
		"requiredResource": "Horses",
		"upgradesTo": "Horseman",
		"obsoleteTech": "Horseback Riding",
		"uniques": ["No defensive terrain bonus", "Rough terrain penalty", "[-33]% Strength <vs cities> <when attacking>"],
		"attackSound": "metalhit"
	},
	{
		"name": "Horde",
		"unitType": "Mounted",
		"range": 1,
		"uniqueTo": "Barbarians",
		"replaces": "War Chariot",
		"movement": 3,
		"strength": 8,
		"rangedStrength": 9,
		"cost": 50,
		"requiredTech": "The Wheel",
		"requiredResource": "Horses",
		"obsoleteTech": "Chivalry",
		"upgradesTo": "Horseman",
		"uniques": ["Can move after attacking", "No defensive terrain bonus", "Rough terrain penalty", "[-33]% Strength <vs cities> <when attacking>"],
		"attackSound": "arrow"
	},
	{
		"name": "Chariot Archer",
		"unitType": "Mounted",
		"uniqueTo": "Egypt",
		"range": 1,
		"replaces": "War Chariot",
		"movement": 4,
		"strength": 8,
		"rangedStrength": 12,
		"cost": 50,
		"requiredTech": "The Wheel",
		"requiredResource": "Horses",
		"upgradesTo": "Horseman",
		"obsoleteTech": "Horseback Riding",
		"uniques": ["Can move after attacking", "No defensive terrain bonus", "Rough terrain penalty", "[-33]% Strength <vs cities> <when attacking>"],
		"attackSound": "arrow"
	},
	{
		"name": "Heavy Chariot",
		"unitType": "Mounted",
		"uniqueTo": "The Hittites",
		"replaces": "War Chariot",
		"movement": 3,
		"strength": 11,
		"cost": 50,
		"requiredTech": "The Wheel",
		"requiredResource": "Horses",
		"upgradesTo": "Horseman",
		"obsoleteTech": "Horseback Riding",
		"uniques": ["No defensive terrain bonus", "Rough terrain penalty", "[-33]% Strength <vs cities> <when attacking>"],
		"promotions": ["Charge"],
		"attackSound": "metalhit"
	},
	{
		"name": "Horse Archer",
		"unitType": "Mounted",
		"uniqueTo": "The Huns",
		"range": 1,
		"replaces": "War Chariot",
		"movement": 4,
		"strength": 8,
		"rangedStrength": 11,
		"cost": 50,
		"requiredTech": "The Wheel",
		"requiredResource": "Horses",
		"upgradesTo": "Knight",
		"obsoleteTech": "Chivalry",
		"uniques": ["Can move after attacking", "No defensive terrain bonus", "[-33]% Strength <vs cities> <when attacking>"],
		"promotions": ["Blitz"],
		"attackSound": "arrow"
	},
	{
		"name": "War Elephant",
		"unitType": "Mounted",
		"uniqueTo": "India",
		"range": 1,
		"replaces": "War Chariot",
		"movement": 3,
		"strength": 14,
		"rangedStrength": 11,
		"cost": 100,
		"requiredTech": "The Wheel",
		"upgradesTo": "Knight",
		"obsoleteTech": "Chivalry",
		"uniques": ["Can move after attacking", "No defensive terrain bonus", "[-10]% Strength for enemy [Military] units in adjacent [Land] tiles", "[-33]% Strength <vs cities> <when attacking>"],
		"attackSound": "elephant"
	},
	{
		"name": "Spearman",
		"unitType": "Sword",
		"movement": 2,
		"strength": 11,
		"cost": 50,
		"requiredTech": "Bronze Working",
		"obsoleteTech": "Civil Service",
		"upgradesTo": "Pikeman",
		"uniques": ["[+50]% Strength <vs [Mounted] units>"],
		"attackSound": "metalhit"
	},
	{
		"name": "Phalanx",
		"unitType": "Sword",
		"replaces": "Spearman",
		"uniqueTo": "Sumeria",
		"movement": 2,
		"strength": 11,
		"cost": 40,
		"requiredTech": "Bronze Working",
		"obsoleteTech": "Civil Service",
		"upgradesTo": "Pikeman",
		"uniques": ["[+50]% Strength <vs [Mounted] units>", "[+10]% Strength bonus for [Phalanx] units within [1] tiles"],
		"attackSound": "metalhit"
	},
	{
		"name": "Hoplite",
		"unitType": "Sword",
		"replaces": "Spearman",
		"uniqueTo": "Greece",
		"movement": 2,
		"strength": 11,
		"cost": 50,
		"requiredTech": "Bronze Working",
		"obsoleteTech": "Civil Service",
		"upgradesTo": "Pikeman",
		"uniques": ["[+50]% Strength <vs [Mounted] units>", "[+50]% to Flank Attack bonuses"],
		"promotions": ["Shock I"],
		"attackSound": "metalhit"
	},
	{
		"name": "Hypaspist",
		"unitType": "Sword",
		"replaces": "Spearman",
		"uniqueTo": "Macedonia",
		"movement": 2,
		"strength": 13,
		"cost": 50,
		"requiredTech": "Bronze Working",
		"obsoleteTech": "Civil Service",
		"upgradesTo": "Pikeman",
		"uniques": ["[+33]% to Flank Attack bonuses", "Ignores Zone of Control", "No defensive terrain bonus"],
		"attackSound": "metalhit"
	},
	{
		"name": "Persian Immortal",
		"unitType": "Sword",
		"replaces": "Spearman",
		"uniqueTo": "Persia",
		"movement": 2,
		"strength": 12,
		"cost": 50,
		"requiredTech": "Bronze Working",
		"obsoleteTech": "Civil Service",
		"upgradesTo": "Pikeman",
		"uniques": ["[+50]% Strength <vs [Mounted] units>"],
		"promotions":["[Persian Immortal] ability"],
		"attackSound": "metalhit"
	},
	{
		"name": "Battering Ram",
		"unitType": "Siege",
		"replaces": "Spearman",
		"uniqueTo": "The Huns",
		"movement": 2,
		"strength": 11,
		"cost": 75,
		"requiredTech": "Bronze Working",
		"obsoleteTech": "Physics",
		"upgradesTo": "Trebuchet",
		"uniques": ["[+200]% Strength <vs cities> <when attacking>", "No defensive terrain bonus", "Can only attack [City] units"],
		"attackSound": "throw"
	},
	{
		"name": "Pictish Warrior",
		"unitType": "Sword",
		"replaces": "Spearman",
		"uniqueTo": "Celts",
		"movement": 3,
		"strength": 10,
		"cost": 35,
		"requiredTech": "Bronze Working",
		"obsoleteTech": "Civil Service",
		"upgradesTo": "Pikeman",
		"uniques": ["Earn [50]% of killed [Military] unit's [Strength] as [Faith]"],
		"promotions": ["Pictish Courage"],
		"attackSound": "metalhit"
	},
	{
		"name": "Marauder",
		"unitType": "Sword",
		"replaces": "Spearman",
		"uniqueTo": "Barbarians",
		"movement": 2,
		"strength": 11,
		"cost": 35,
		"requiredTech": "Bronze Working",
		"obsoleteTech": "Civil Service",
		"upgradesTo": "Pikeman",
		"uniques": ["[+50]% Strength <vs [Mounted] units>"],
		"attackSound": "metalhit"
	},

	/* Classical Era */
	{
		"name": "Horseman",
		"unitType": "Mounted",
		"movement": 4,
		"strength": 12,
		"cost": 70,
		"requiredTech": "Horseback Riding",
		"requiredResource": "Horses",
		"upgradesTo": "Knight",
		"obsoleteTech": "Chivalry",
		"uniques": ["Can move after attacking","No defensive terrain bonus","[-33]% Strength <vs cities> <when attacking>"],
		"hurryCostModifier": 20,
		"attackSound": "horse"
	},
	{
		"name": "Companion Cavalry",
		"unitType": "Mounted",
		"uniqueTo": "Macedonia",
		"replaces": "Horseman",
		"movement": 4,
		"strength": 12,
		"cost": 70,
		"requiredTech": "Horseback Riding",
		"upgradesTo": "Knight",
		"obsoleteTech": "Chivalry",
		"requiredResource": "Horses",
		"promotions": ["Great Generals I"],
		"uniques": ["Can move after attacking", "No defensive terrain bonus", "[-33]% Strength <vs cities> <when attacking>", "Transfer Movement to [Great General]", "[+33]% Strength when stacked with [Great General]"],
		"hurryCostModifier": 20,
		"attackSound": "horse"
	},
	{
		"name": "African Forest Elephant",
		"unitType": "Mounted",
		"uniqueTo": "Carthage",
		"replaces": "Horseman",
		"movement": 3,
		"strength": 14,
		"cost": 100,
		"requiredTech": "Horseback Riding",
		"upgradesTo": "Knight",
		"obsoleteTech": "Chivalry",
		"promotions": ["Great Generals II"],
		"uniques": ["Can move after attacking", "No defensive terrain bonus", "[-33]% Strength <vs cities> <when attacking>",
			"[-10]% Strength for enemy [Military] units in adjacent [Land] tiles"],
		"hurryCostModifier": 20,
		"attackSound": "elephant"
	},
        {
		"name": "Cataphract",
		"unitType": "Mounted",
		"uniqueTo": "Byzantium",
		"replaces": "Horseman",
		"movement": 4,
		"strength": 15,
		"cost": 70,
		"requiredTech": "Horseback Riding",
		"upgradesTo": "Knight",
		"obsoleteTech": "Chivalry",
		"requiredResource": "Horses",
		"uniques": ["[-33]% Strength <vs cities> <when attacking>", "No defensive terrain bonus", "Can be purchased with [Faith] [in all cities]", "Can remove other religions from cities <in [All] tiles> <once>", "Religious Unit"],
		"hurryCostModifier": 20,
		"attackSound": "horse"
	},
	{
		"name": "Mona-spa",
		"unitType": "Mounted",
		"uniqueTo": "Georgia",
		"replaces": "Horseman",
		"movement": 4,
		"strength": 12,
		"cost": 70,
		"requiredTech": "Horseback Riding",
		"upgradesTo": "Knight",
		"obsoleteTech": "Chivalry",
		"uniques": ["Can move after attacking", "[-33]% Strength <vs cities> <when attacking>", "Double movement in [Hill]", "Earn [50]% of killed [Military] unit's [Strength] as [Faith]"],
		"hurryCostModifier": 20,
		"attackSound": "horse"
	},
	{
		"name": "Catapult",
		"unitType": "Siege",
		"movement": 2,
		"strength": 7,
		"rangedStrength": 8,
		"cost": 70,
		"requiredTech": "Mathematics",
		"obsoleteTech": "Physics",
		"upgradesTo": "Trebuchet",
		"uniques": ["[+200]% Strength <vs cities> <when attacking>", "No defensive terrain bonus",
			"Must set up to ranged attack", "[-1] Sight", "Never appears as a Barbarian unit"],
		"hurryCostModifier": 20,
		"attackSound": "throw"
	},
	{
		"name": "Ballista",
		"unitType": "Siege",
		"replaces": "Catapult",
		"uniqueTo": "Rome",
		"movement": 2,
		"strength": 7,
		"rangedStrength": 10,
		"cost": 70,
		"requiredTech": "Mathematics",
		"obsoleteTech": "Physics",
		"upgradesTo": "Trebuchet",
		"uniques": ["[+200]% Strength <vs cities> <when attacking>", "[-1] Sight"],
		"hurryCostModifier": 20,
		"attackSound": "throw"
	},
	{
		"name": "Siege Tower",
		"unitType": "Siege",
		"uniqueTo": "Assyria",
		"replaces": "Catapult",
		"movement": 2,
		"strength": 7,
		"rangedStrength": 12,
		"range": 1,
		"cost": 70,
		"requiredTech": "Mathematics",
		"obsoleteTech": "Physics",
		"upgradesTo": "Trebuchet",
		"uniques": ["[+200]% Strength <vs cities> <when attacking>", "No defensive terrain bonus", "Can only attack [City] units", "[-1] Sight"],
		"hurryCostModifier": 20,
		"attackSound": "metalhit"
	},
	{
		"name": "Composite Bowman",
		"unitType": "Archery",
		"movement": 2,
		"strength": 7,
		"rangedStrength": 11,
		"cost": 70,
		"requiredTech": "Construction",
		"obsoleteTech": "Machinery",
		"upgradesTo": "Crossbowman",
		"attackSound": "arrow"
	},
	{
		"name": "Bowman",
		"unitType": "Archery",
		"movement": 2,
		"strength": 8,
		"rangedStrength": 12,
		"cost": 50,
		"requiredTech": "Construction",
		"obsoleteTech": "Machinery",
		"replaces": "Composite Bowman",
		"uniqueTo": "Babylon",
		"upgradesTo": "Crossbowman",
		"attackSound": "arrow"
	},
	{
		"name": "Swordsman",
		"unitType": "Sword",
		"movement": 2,
		"strength": 14,
		"cost": 70,
		"requiredTech": "Iron Working",
		"upgradesTo": "Longswordsman",
		"obsoleteTech": "Steel",
		"requiredResource": "Iron",
		"hurryCostModifier": 20,
		"attackSound": "metalhit"
	},
        {
		"name": "Legion",
		"unitType": "Sword",
		"uniqueTo": "Rome",
		"replaces": "Swordsman",
		"movement": 2,
		"strength": 16,
		"cost": 70,
		"requiredTech": "Iron Working",
		"upgradesTo": "Longswordsman",
		"obsoleteTech": "Gunpowder",
		"requiredResource": "Iron",
		"uniques": ["Can build [Fort] improvements on tiles", "Can build [Remove Forest] improvements on tiles"],
		"hurryCostModifier": 20,
		"promotions": ["March"],
		"attackSound": "metalhit"
	},
	{
		"name": "Mohawk Warrior",
		"unitType": "Sword",
		"uniqueTo": "Iroquois",
		"replaces": "Swordsman",
		"movement": 2,
		"strength": 14,
		"cost": 70,
		"requiredTech": "Iron Working",
		"upgradesTo": "Longswordsman",
		"obsoleteTech": "Gunpowder",
		"hurryCostModifier": 20,
		"promotions": ["[Mohawk Warrior] ability"],
		"attackSound": "metalhit"
	},
	{
		"name": "Asafo",
		"unitType": "Sword",
		"uniqueTo": "Ashanti",
		"replaces": "Swordsman",
		"movement": 2,
		"strength": 14,
		"cost": 60,
		"requiredTech": "Iron Working",
		"upgradesTo": "Longswordsman",
		"obsoleteTech": "Gunpowder",
		"hurryCostModifier": 20,
		"promotions": ["[Asafo] ability"],
		"attackSound": "metalhit"
	},
	// Medieval Era
	{
		"name": "Pikeman",
		"unitType": "Sword",
		"movement": 2,
		"strength": 16,
		"cost": 85,
		"requiredTech": "Civil Service",
		"uniques": ["[+50]% Strength <vs [Mounted] units>"],
		"upgradesTo": "Musketman",
		"obsoleteTech": "Gunpowder",
		"attackSound": "metalhit"
	},
	{
		"name": "Landsknecht",
		"unitType": "Sword",
		"replaces": "Pikeman",
		"uniqueTo": "Holy Roman Empire",
		"movement": 2,
		"strength": 16,
		"cost": 85,
		"requiredTech": "Civil Service",
		"uniques": ["[+50]% Strength <vs [Mounted] units>", "Can move immediately once bought", "[+25]% Strength <vs [City-State] units>"],
		"promotions":["Mercenary"],
		"upgradesTo": "Musketman",
		"obsoleteTech": "Gunpowder",
		"attackSound": "metalhit"
	},
	{
		"name": "Swiss Guard",
		"unitType": "Sword",
		"replaces": "Pikeman",
		"uniqueTo": "Papal States",
		"movement": 2,
		"strength": 16,
		"cost": 85,
		"requiredTech": "Civil Service",
		"uniques": ["[+50]% Strength <vs [Mounted] units>", "Can move immediately once bought", "[+25]% Strength <when fighting in [Friendly Land] tiles>"],
		"upgradesTo": "Musketman",
		"attackSound": "metalhit"
	},
	{
		"name": "Druzhina", 
		"replaces": "Pikeman",
		"uniqueTo": "Kievan Rus'",
		"unitType": "Sword",
		"movement": 2,
		"strength": 18,
		"cost": 90,
		"requiredTech": "Civil Service",
		"uniques": ["[+10]% Strength bonus for [Military] units within [1] tiles"],
		"upgradesTo": "Musketman",
		"obsoleteTech": "Gunpowder",
		"attackSound": "metalhit"
	},
	{
		"name": "Galleass",
		"unitType": "Ranged Water",
		"movement": 3,
		"strength": 18,
		"rangedStrength": 20,
		"cost": 110,
		"requiredTech": "Compass",
		"obsoleteTech": "Navigation",
		"upgradesTo": "Frigate",
		"uniques": ["Cannot enter ocean tiles", "Never appears as a Barbarian unit"],
		"attackSound": "arrow"
	},
	{
		"name": "Djong",
		"unitType": "Ranged Water",
		"replaces": "Galleass",
		"uniqueTo": "Majapahit",
		"movement": 3,
		"strength": 18,
		"rangedStrength": 22,
		"cost": 110,
		"uniques": ["Cannot enter ocean tiles", "Transfer Movement to [Civilian]", "Can move immediately once bought"],
		"promotions": ["Mobility"],
		"requiredTech": "Compass",
		"obsoleteTech": "Navigation",
		"upgradesTo": "Frigate",
		"attackSound": "arrow"
	},
	{
		"name": "Knight",
		"unitType": "Mounted",
		"movement": 4,
		"strength": 20,
		"cost": 110,
		"requiredTech": "Chivalry",
		"obsoleteTech": "Metallurgy",
		"upgradesTo": "Lancer",
		"requiredResource": "Horses",
		"uniques": ["Can move after attacking", "No defensive terrain bonus", "[-33]% Strength <vs cities> <when attacking>", "Never appears as a Barbarian unit"],
		"attackSound": "horse"
	},
	{
		"name": "Mamluk",
		"unitType": "Mounted",
		"replaces": "Knight",
		"uniqueTo": "Arabia",
		"movement": 4,
		"strength": 21,
		"cost": 110,
		"requiredTech": "Chivalry",
		"requiredResource": "Horses",
		"upgradesTo": "Lancer",
		"obsoleteTech": "Metallurgy",
		"uniques": ["Can move after attacking", "No defensive terrain bonus", "[-33]% Strength <vs cities> <when attacking>", "Unit will heal every turn, even if it performs an action"],
		"attackSound": "arrow"
	},
	{
		"name": "Conquistador",
		"unitType": "Mounted",
		"replaces": "Knight",
		"uniqueTo": "Spain",
		"movement": 4,
		"strength": 20,
		"cost": 125,
		"requiredTech": "Chivalry",
		"requiredResource": "Horses",
		"upgradesTo": "Lancer",
		"obsoleteTech": "Metallurgy",
		"uniques": ["Can move after attacking","No defensive terrain bonus", "Founds a new city <on foreign continents>", "[+2] Sight"],
		"promotions": ["[Conquistador] ability"],
		"attackSound": "horse"
		//Conquistador should have no penalty attacking cities
		//Ability to found new cities can only be used on a foreign continent that does not contain the Spanish capital.
	},
	{
		"name": "Naresuan's Elephant",
		"unitType": "Mounted",
		"replaces": "Knight",
		"uniqueTo": "Siam",
		"movement": 3,
		"strength": 24,
		"cost": 150,
		"requiredTech": "Chivalry",
		"obsoleteTech": "Metallurgy",
		"upgradesTo": "Lancer",
		"uniques": ["Can move after attacking", "No defensive terrain bonus", "[-10]% Strength for enemy [Military] units in adjacent [Land] tiles", "[-33]% Strength <vs cities> <when attacking>"],
		"attackSound": "elephant"
	}
        {
		"name": "Mandekalu Cavalry",
		"unitType": "Mounted",
		"replaces": "Knight",
		"uniqueTo": "Songhai",
		"movement": 4,
		"strength": 20,
		"cost": 110,
		"requiredTech": "Chivalry",
		"requiredResource": "Horses",
		"upgradesTo": "Lancer",
		"obsoleteTech": "Metallurgy",
		"uniques": ["Can move after attacking", "No defensive terrain bonus", "Earn [15]% of the damage done to [All] units as [Gold]"],
		"attackSound": "horse"
	},
	{
		"name": "Keshik",
		"unitType": "Mounted",
		"replaces": "Knight",
		"uniqueTo": "Mongolia",
		"range": 1,
		"movement": 5,
		"strength": 14,
		"rangedStrength": 20,
		"cost": 110,
		"requiredTech": "Chivalry",
		"requiredResource": "Horses",
		"upgradesTo": "Lancer",
		"obsoleteTech": "Metallurgy",
		"uniques": ["Can move after attacking", "No defensive terrain bonus", "[-33]% Strength <vs cities> <when attacking>"],
		"promotions": ["Great Generals I", "Quick Study"],
		"attackSound": "arrow"
	},
	{
		"name": "Crossbowman",
		"unitType": "Archery",
		"movement": 2,
		"strength": 13,
		"rangedStrength": 18,
		"cost": 110,
		"requiredTech": "Machinery",
		"upgradesTo": "Gatling Gun",
		"obsoleteTech": "Industrialization",
		"attackSound": "arrow"
	},
	{
		"name": "Chu-Ko-Nu",
		"unitType": "Archery",
		"uniqueTo": "China",
		"movement": 2,
		"strength": 13,
		"rangedStrength": 14,
		"replaces": "Crossbowman",
		"cost": 110,
		"requiredTech": "Machinery",
		"upgradesTo": "Gatling Gun",
		"obsoleteTech": "Industrialization",
		"promotions": ["[Chu-Ko-Nu] ability"],
		"attackSound": "arrow"
	},
	{
		"name": "Longbowman",
		"unitType": "Archery",
		"range": 2,
		"movement": 2,
		"strength": 13,
		"rangedStrength": 18,
		"replaces": "Crossbowman",
		"uniqueTo": "England",
		"cost": 110,
		"requiredTech": "Machinery",
		"upgradesTo": "Gatling Gun",
		"obsoleteTech": "Industrialization",
		"promotions": ["Extended Range"],
		"attackSound": "arrow"
	},
	{
		"name": "Voi Chien",
		"unitType": "Mounted",
		"uniqueTo": "Vietnam",
		"range": 1,
		"movement": 3,
		"strength": 21,
		"rangedStrength": 18,
		"replaces": "Crossbowman",
		"cost": 150,
		"requiredTech": "Machinery",
		"upgradesTo": "Gatling Gun",
		"obsoleteTech": "Industrialization",
		"uniques": ["Can move after attacking", "No defensive terrain bonus", "[-10]% Strength for enemy [Military] units in adjacent [Land] tiles", "[-33]% Strength <vs cities> <when attacking>"],
		"attackSound": "elephant"
	},
	{
		"name": "Trebuchet",
		"unitType": "Siege",
		"movement": 2,
		"strength": 12,
		"rangedStrength": 14,
		"cost": 110,
		"requiredTech": "Physics",
		"obsoleteTech": "Chemistry",
		"upgradesTo": "Cannon",
		"uniques": ["[+200]% Strength <vs cities> <when attacking>","No defensive terrain bonus","Must set up to ranged attack","[-1] Sight","Never appears as a Barbarian unit"],
		"attackSound": "throw"
	},
	{
		"name": "Hwach'a",
		"unitType": "Siege",
		"replaces": "Trebuchet",
		"uniqueTo": "Korea",
		"movement": 2,
		"strength": 10,
		"rangedStrength": 14,
		"cost": 110,
		"requiredTech": "Physics",
		"obsoleteTech": "Chemistry",
		"upgradesTo": "Cannon",
		"uniques": ["[+100]% Strength <when attacking>", "No defensive terrain bonus", "Must set up to ranged attack", "[-1] Sight"],
		"attackSound": "throw"
	},
	{
		"name": "Longswordsman",
		"unitType": "Sword",
		"movement": 2,
		"strength": 21,
		"cost": 110,
		"requiredTech": "Steel",
		"upgradesTo": "Musketman",
		"obsoleteTech": "Gunpowder",
		"requiredResource": "Iron",
		"attackSound": "metalhit"
	},
	{
		"name": "Samurai",
		"unitType": "Sword",
		"replaces": "Longswordsman",
		"uniqueTo": "Japan",
		"movement": 2,
		"strength": 21,
		"cost": 110,
		"requiredTech": "Steel",
		"upgradesTo": "Musketman",
		"obsoleteTech": "Gunpowder",
		"uniques": ["Can instantly construct a [Fishing Boats] improvement <once>", "Earn [50]% of killed [Military] unit's [Strength] as [Faith]", "Can be purchased with [Faith] [in all cities]"],
		"requiredResource": "Iron",
		"promotions": ["Shock I", "Great Generals II"],
		"attackSound": "metalhit"
	},
	{
		"name": "Berserker",
		"unitType": "Sword",
		"replaces": "Longswordsman",
		"uniqueTo": "Denmark",
		"movement": 2,
		"strength": 21,
		"cost": 110,
		"requiredTech": "Metal Casting",
		"upgradesTo": "Musketman",
		"obsoleteTech": "Metallurgy",
		"uniques": ["[+2] Movement <in [Water] tiles>", "Transfer Movement to [Civilian]"],
		"requiredResource": "Iron",
		"promotions": ["Amphibious"],
		"hurryCostModifier": 20,
		"attackSound": "metalhit"
	},

	// Rennaisance Era

	{
		"name": "Caravel",
		"unitType": "Melee Water",
		"movement": 4,
		"strength": 24,
		"cost": 150,
		"requiredTech": "Astronomy",
		"upgradesTo": "Privateer",
		"obsoleteTech": "Navigation",
		"uniques": ["May withdraw before melee ([80]%)", "Never appears as a Barbarian unit"],
		"hurryCostModifier": 30,
		"attackSound": "cannon"
	},
	{
		"name": "Turtle Ship",
		"unitType": "Melee Water",
		"replaces": "Caravel",
		"uniqueTo": "Korea",
		"movement": 3,
		"strength": 28,
		"cost": 150,
		"requiredTech": "Astronomy",
		"upgradesTo": "Privateer",
		"obsoleteTech": "Navigation",
		"uniques": ["[-10]% Strength for enemy [Military] units in adjacent [Water] tiles"],
		"hurryCostModifier": 30,
		"attackSound": "cannon"
	},
	{
		"name": "Musketman",
		"unitType": "Gunpowder",
		"movement": 2,
		"strength": 24,
		"cost": 150,
		"requiredTech": "Gunpowder",
		"upgradesTo": "Rifleman",
		"obsoleteTech": "Rifling",
		"attackSound": "shot"
	},
	{
		"name": "Impi", 
		"replaces": "Musketman",
		"uniqueTo": "Zulu",
		"unitType": "Sword",
		"movement": 2,
		"strength": 21,
		"cost": 120,
		"requiredTech": "Gunpowder",
		"uniques": ["[+33]% Strength <vs [Gunpowder] units>", "Heals [15] damage if it kills a unit"],
		"upgradesTo": "Rifleman",
		"obsoleteTech": "Rifling",
		"attackSound": "metalhit"
	},
	 {
		"name": "Katipunero",
                "replaces": "Musketman",
		"uniqueTo": "The Philippines",
		"unitType": "Gunpowder",
		"movement": 3,
		"strength": 24,
		"cost": 150,
		"requiredTech": "Gunpowder",
		"upgradesTo": "Rifleman",
                "uniques": ["[+15]% Strength <when fighting units from a Civilization with more Cities than you>", "May attack when embarked"],
		"obsoleteTech": "Rifling",
		"attackSound": "shot"
	},
	{
		"name": "Janissary",
		"unitType": "Gunpowder",
		"replaces": "Musketman",
		"uniqueTo": "The Ottomans",
		"movement": 2,
		"strength": 24,
		"cost": 165,
		"requiredTech": "Gunpowder",
		"upgradesTo": "Rifleman",
		"obsoleteTech": "Rifling",
		"uniques": ["[+50]% Strength <vs cities>", "Excess Food converted to Production when under construction"],
		"promotions": ["[Janissary] ability"],
		"attackSound": "shot"
	},
	{
		"name": "Minuteman",
		"unitType": "Gunpowder",
		"replaces": "Musketman",
		"uniqueTo": "America",
		"movement": 2,
		"strength": 24,
		"cost": 150,
		"requiredTech": "Gunpowder",
		"upgradesTo": "Rifleman",
		"obsoleteTech": "Rifling",
		"uniques": ["Ignores terrain cost", "[+15]% Strength <in [Friendly Land] tiles>"],
		"attackSound": "shot"
	},
	{
		"name": "Tercio", 
		"unitType": "Gunpowder",
		"replaces": "Musketman",
		"uniqueTo": "Spain",
		"movement": 2,
		"strength": 24,
		"cost": 150,
		"requiredTech": "Gunpowder",
		"upgradesTo": "Rifleman",
		"obsoleteTech": "Rifling",
		"promotions": ["Formation I"],
		"uniques": ["[+50]% Strength <vs [Mounted] units>"],
		"attackSound": "shot"
	},
	{
		"name": "Privateer",
		"unitType": "Melee Water",
		"movement": 5,
		"strength": 28,
		"cost": 175,
		"requiredTech": "Navigation",
		"obsoleteTech": "Steam Power",
		"upgradesTo": "Ironclad",
		"promotions": ["Coastal Raider I"],
		"uniques": ["May capture killed [Water] units", "Can move after attacking"],
		"attackSound": "cannon"
	},
	{
		"name": "Sea Beggar",
		"unitType": "Melee Water",
		"replaces": "Privateer",
		"uniqueTo": "The Netherlands",
		"movement": 5,
		"strength": 28,
		"cost": 175,
		"requiredTech": "Navigation",
		"obsoleteTech": "Steam Power",
		"upgradesTo": "Ironclad",
		"promotions": ["Coastal Raider I", "Coastal Raider II", "Supply"],
		"uniques": ["May capture killed [Water] units", "Can move after attacking"],
		"attackSound": "cannon"
	},
        {
		"name": "Galleon",
		"unitType": "Melee Water",
		"replaces": "Privateer",
		"uniqueTo": "Barbarians",
		"movement": 5,
		"strength": 28,
		"cost": 100,
		"requiredTech": "Compass",
		"obsoleteTech": "Steam Power",
		"upgradesTo": "Motorboat",
		"promotions": ["Boarding Party I"],
		"uniques": ["May capture killed [Water] units", "Can move after attacking"],
		"attackSound": "cannon"
	},
	{
		"name": "Frigate",
		"unitType": "Ranged Water",
		"movement": 5,
		"strength": 28,
		"rangedStrength": 32,
		"cost": 200,
		"requiredResource": "Iron",
		"uniques": ["Destroys tile improvements when attacking"],
		"requiredTech": "Navigation",
		"obsoleteTech": "Electronics",
		"upgradesTo": "Battleship",
		"hurryCostModifier": 20,
		"attackSound": "cannon"
	},
	{
		"name": "Ship of the Line",
		"unitType": "Ranged Water",
		"replaces": "Frigate",
		"uniqueTo": "England",
		"movement": 6,
		"strength": 28,
		"rangedStrength": 32,
		"cost": 200,
		"requiredResource": "Iron",
		"uniques": ["[+1] Sight", "[+15]% Strength <when adjacent to a [Ship of the Line] unit>", "Destroys tile improvements when attacking"],
		"requiredTech": "Navigation",
		"obsoleteTech": "Electronics",
		"upgradesTo": "Battleship",
		"hurryCostModifier": 20,
		"attackSound": "cannon"
	},
	{
		"name": "Lancer",
		"unitType": "Mounted",
		"movement": 4,
		"strength": 24,
		"cost": 175,
		"requiredTech": "Metallurgy",
		"requiredResource": "Horses",
		"uniques": ["Can move after attacking", "No defensive terrain bonus", "[-33]% Strength <vs cities> <when attacking>", "Never appears as a Barbarian unit"],
		"promotions": [],
		"upgradesTo": "Cavalry",
		"obsoleteTech": "Combined Arms",
		"attackSound": "horse"
	},
	{
		"name": "Sipahi",
		"unitType": "Mounted",
		"replaces": "Lancer",
		"uniqueTo": "The Ottomans",
		"movement": 4,
		"strength": 27,
		"cost": 175,
		"requiredTech": "Metallurgy",
		"requiredResource": "Horses",
		"uniques": ["Can move after attacking", "No defensive terrain bonus", "[-33]% Strength <vs cities> <when attacking>",
			"[+1] Sight"],
		"promotions": ["[Sipahi] ability"],
		"upgradesTo": "Cavalry",
		"obsoleteTech": "Military Science",
		"attackSound": "horse"
	},
	{
		"name": "Hakkapeliitta",
		"unitType": "Mounted",
		"replaces": "Lancer",
		"uniqueTo": "Sweden",
		"movement": 5,
		"strength": 24,
		"cost": 175,
		"requiredTech": "Metallurgy",
		"requiredResource": "Horses",
		"uniques": ["Can move after attacking", "No defensive terrain bonus", "[-33]% Strength <vs cities> <when attacking>"],
		"promotions": ["Charge"],
		"upgradesTo": "Cavalry",
		"obsoleteTech": "Military Science",
		"attackSound": "horse"
	},
	{
		"name": "Winged Hussar", 
		"replaces": "Lancer",
		"uniqueTo": "Poland",
		"unitType": "Mounted",
		"movement": 4,
		"strength": 24,
		"cost": 190,
		"requiredTech": "Metallurgy",
		"requiredResource": "Horses",
		"uniques": ["Can move after attacking", "No defensive terrain bonus", "[-33]% Strength <vs cities> <when attacking>", "[+33]% Strength <when attacking>"],
		"upgradesTo": "Cavalry",
		"obsoleteTech": "Military Science",
		"attackSound": "horse"
	},
	{
		"name": "Cannon",
		"unitType": "Siege",
		"movement": 2,
		"strength": 18,
		"rangedStrength": 21,
		"cost": 175,
		"requiredResource": "Iron",
		"requiredTech": "Chemistry",
		"upgradesTo": "Artillery",
		"obsoleteTech": "Dynamite",
		"uniques": ["[+200]% Strength <vs cities> <when attacking>", "No defensive terrain bonus", "Must set up to ranged attack", "[-1] Sight", "Destroys tile improvements when attacking", "Never appears as a Barbarian unit"],
		"attackSound": "cannon"
	},

	// Industrial Era

	{
		"name": "Gatling Gun",
		"unitType": "Ranged Gunpowder",
		"range": 1,
		"movement": 2,
		"strength": 30,
		"rangedStrength": 30,
		"cost": 200,
		"requiredTech": "Industrialization",
		"upgradesTo": "Machine Gun",
		"obsoleteTech": "Ballistics",
		"attackSound": "machinegun"
	},
	{
		"name": "Rifleman",
		"unitType": "Gunpowder",
		"movement": 2,
		"strength": 34,
		"cost": 200,
		"requiredTech": "Rifling",
		"obsoleteTech": "Replaceable Parts",
		"upgradesTo": "Great War Infantry",
		"attackSound": "shot"
	},
	{
		"name": "Norwegian Ski Infantry",
		"unitType": "Gunpowder",
		"replaces": "Rifleman",
		"uniqueTo": "Denmark",
		"movement": 2,
		"strength": 34,
		"cost": 200,
		"requiredTech": "Rifling",
		"obsoleteTech": "Replaceable Parts",
		"upgradesTo": "Great War Infantry",
		"promotions": ["[Norwegian Ski Infantry] ability"],
		"attackSound": "shot"
	},
	{
		"name": "Carolean",
		"unitType": "Gunpowder",
		"replaces": "Rifleman",
		"uniqueTo": "Sweden",
		"movement": 2,
		"strength": 34,
		"cost": 200,
		"requiredTech": "Rifling",
		"uniques": ["[-10]% Strength for enemy [Military] units in adjacent [All] tiles", "[+20]% Strength <when attacking>"],
		"obsoleteTech": "Replaceable Parts",
		"upgradesTo": "Great War Infantry",
		"attackSound": "shot"
	},
	{
		"name": "Mehal Sefari",
		"unitType": "Gunpowder",
		"replaces": "Rifleman",
		"uniqueTo": "Ethiopia",
		"movement": 2,
		"strength": 34,
		"cost": 175,
		"requiredTech": "Rifling",
		"obsoleteTech": "Replaceable Parts",
		"upgradesTo": "Great War Infantry",
		"promotions": ["Drill I","Home Sweet Home"],
		"attackSound": "shot"
	},
	{
		"name": "Alpino",
		"unitType": "Scout",
		"replaces": "Rifleman",
		"uniqueTo": "Italy",
		"movement": 2,
		"strength": 34,
		"cost": 200,
		"requiredTech": "Rifling",
		"obsoleteTech": "Replaceable Parts",
		"upgradesTo": "Great War Infantry",
		"uniques": ["[+50]% XP gained from combat <in [Friendly Land] tiles>"],
		"promotions": ["Climber"],
		"attackSound": "shot"
	},
	{
		"name": "Cavalry",
		"unitType": "Mounted",
		"movement": 4,
		"strength": 34,
		"cost": 200,
		"requiredTech": "Military Science",
		"obsoleteTech": "Combustion",
		"requiredResource": "Horses",
		"upgradesTo": "Landship",
		"uniques": ["Can move after attacking","No defensive terrain bonus","[-33]% Strength <vs cities> <when attacking>", "Never appears as a Barbarian unit"],
		"attackSound": "horse"
	},
	{
		"name": "Cossack",
		"unitType": "Mounted",
		"replaces": "Cavalry",
		"uniqueTo": "Russia",
		"movement": 4,
		"strength": 34,
		"cost": 200,
		"requiredTech": "Military Science",
		"obsoleteTech": "Combustion",
		"requiredResource": "Horses",
		"upgradesTo": "Landship",
		"uniques": ["Can move after attacking", "No defensive terrain bonus", "[-33]% Strength <vs cities> <when attacking>", "Founds a new city"],
		"promotions": ["[Cossack] ability"],
		"attackSound": "horse"
	},
	{
		"name": "Hussar",
		"unitType": "Mounted",
		"replaces": "Cavalry",
		"uniqueTo": "Austria",
		"movement": 4,
		"strength": 34,
		"cost": 200,
		"requiredTech": "Military Science",
		"obsoleteTech": "Combustion",
		"requiredResource": "Horses",
		"upgradesTo": "Landship",
		"uniques": ["Can move after attacking", "No defensive terrain bonus", "[-33]% Strength <vs cities> <when attacking>", "[+1] Sight"],
		"promotions": ["[Hussar] ability"],
		"attackSound": "horse"
	},
	{
		"name": "Gaucho",
		"replaces": "Cavalry",
		"uniqueTo": "Argentina",
		"unitType": "Mounted",
		"movement": 4,
		"strength": 36,
		"cost": 200,
		"requiredTech": "Military Science",
		"obsoleteTech": "Combustion",
		"upgradesTo": "Landship",
		"requiredResource": "Horses",
		"uniques": ["Can move after attacking", "No defensive terrain bonus", "[-33]% Strength <vs cities> <when attacking>", "Ignores Zone of Control", "May withdraw before melee ([50]%)"],
		"attackSound": "horse"
	},
	{
		"name": "Llanero",
		"replaces": "Cavalry",
		"uniqueTo": "Gran Colombia",
		"unitType": "Mounted",
		"movement": 4,
		"strength": 34,
		"cost": 175,
		"requiredTech": "Military Science",
		"obsoleteTech": "Combustion",
		"upgradesTo": "Landship",
		"requiredResource": "Horses",
		"uniques": ["Can move after attacking", "No defensive terrain bonus", "[-33]% Strength <vs cities> <when attacking>", "[-50]% maintenance costs", "[+10]% Strength <when adjacent to a [Llanero] unit>"],
		"attackSound": "horse"
	},
	{
		"name": "Ironclad",
		"unitType": "Melee Water",
		"movement": 3,
		"strength": 48,
		"cost": 250,
		"requiredTech": "Steam Power",
		"requiredResource": "Coal",
		"upgradesTo": "Destroyer",
		"obsoleteTech": "Combustion",
		"uniques": ["[+33]% Strength <vs cities>", "Double movement in [Coast]"],
		"attackSound": "shipguns"
	},
        {
		"name": "Motorboat",
		"unitType": "Melee Water",
		"replaces": "Ironclad",
		"uniqueTo": "Barbarians",
		"movement": 4,
		"strength": 40,
		"cost": 150,
		"requiredTech": "Steam Power",
		"requiredResource": "Coal",
		"upgradesTo": "Destroyer",
		"promotions": ["Boarding Party I", "Boarding Party II"],
		"obsoleteTech": "Combustion",
		"uniques": ["Double movement in [Coast]", "Can move after attacking", "May capture killed [Water] units", "Free [Motorboat] appears <upon defeating a [Military] unit>"],
		"attackSound": "shipguns"
	},
	{
		"name": "Artillery",
		"unitType": "Siege",
		"movement": 2,
		"strength": 21,
		"rangedStrength": 28,
		"range": 3,
		"cost": 250,
		"requiredResource": "Iron",
		"requiredTech": "Dynamite",
		"upgradesTo": "Rocket Artillery",
		"uniques": ["[+200]% Strength <vs cities> <when attacking>", "No defensive terrain bonus",
			"Must set up to ranged attack", "[-1] Sight", "Destroys tile improvements when attacking", "Never appears as a Barbarian unit"],
		"promotions": ["Indirect Fire"],
		"attackSound": "artillery"
	},

	// Modern era
	{
		"name": "Submarine",
		"unitType": "Submarine",
		"movement": 5,
		"strength": 45,
		"rangedStrength": 60,
		"cost": 300,
		"requiredResource": "Oil",
		"requiredTech": "Refrigeration",
		"upgradesTo": "Nuclear Submarine",
		"uniques": ["[+75]% Strength <when attacking>", "Can only attack [Water] tiles", "Never appears as a Barbarian unit"],
		"attackSound": "torpedo"
	},
	{
		"name": "Great War Infantry",
		"unitType": "Gunpowder",
		"movement": 2,
		"strength": 50,
		"cost": 300,
		"requiredTech": "Replaceable Parts",
		"upgradesTo": "Infantry",
		"obsoleteTech": "Plastics",
		"attackSound": "shot"
	},
	{
		"name": "Digger",
		"unitType": "Scout",
		"replaces": "Great War Infantry",
		"uniqueTo": "Australia",
		"movement": 2,
		"strength": 50,
		"cost": 300,
		"requiredTech": "Replaceable Parts",
		"upgradesTo": "Marine",
		"obsoleteTech": "Pharmaceuticals",
		"uniques": ["[+1] Sight <when [Embarked]>"],
		"promotions": ["Amphibious", "[Digger] ability"],
		"attackSound": "shot"
	},
	
	{
		"name": "Foreign Legion",
		"unitType": "Gunpowder",
		"replaces": "Rifleman",
		"uniqueTo": "France",
		"movement": 2,
		"strength": 34,
		"cost": 200,
		"requiredTech": "Rifling",
		"upgradesTo": "Great War Infantry",
		"obsoleteTech": "Replaceable Parts",
		"uniques": ["[+10]% Strength <when fighting in [Foreign Land] tiles>", "[+50]% XP gained from combat <in [Foreign Land] tiles>"],
		"promotions": ["Pride"],
		"attackSound": "shot"
	},
	{
		"name": "Triplane",
		"unitType": "Fighter",
		"movement": 1,
		"strength": 40,
		"rangedStrength": 35,
		"range": 5,
		"interceptRange": 5,
		"cost": 300,
		"requiredTech": "Flight",
		"requiredResource": "Oil",
		"upgradesTo": "Fighter",
		"obsoleteTech": "Radar",
		"uniques": ["[50]% chance to intercept air attacks", "[+150]% Strength <vs [Bomber] units>", "[+150]% Strength <vs [Helicopter] units>"],
		"attackSound": "machinegun"
	},
	{
		"name": "Great War Bomber",
		"unitType": "Bomber",
		"movement": 1,
		"strength": 55,
		"rangedStrength": 55,
		"range": 6,
		"cost": 300,
		"requiredTech": "Flight",
		"requiredResource": "Oil",
		"upgradesTo": "Bomber",
		"obsoleteTech": "Radar",
                "uniques": ["Destroys tile improvements when attacking"],
		"attackSound": "bombing"
	},
	{
		"name": "Infantry",
		"unitType": "Gunpowder",
		"movement": 2,
		"strength": 70,
		"cost": 400,
		"requiredTech": "Plastics",
		"upgradesTo": "Mechanized Infantry",
		"obsoleteTech": "Mobile Tactics",
		"attackSound": "shot"
	},
	{
		"name": "Peacekeeper",
		"unitType": "Scout",
		"replaces": "Infantry",
		"uniqueTo": "Canada",
		"movement": 2,
		"strength": 70,
		"cost": 400,
		"requiredTech": "Plastics",
		"upgradesTo": "Mechanized Infantry",
		"obsoleteTech": "Mobile Tactics",
		"uniques": ["[+20]% Strength <when fighting in [Friendly Land] tiles>", "[-20]% Strength <when fighting in [Foreign Land] tiles>", "May enter foreign tiles without open borders"],
		"attackSound": "shot"
	},
	{
		"name": "Jungle Brigade", 
		"unitType": "Scout",
		"replaces": "Infantry",
		"uniqueTo": "Brazil",
		"movement": 2,
		"strength": 70,
		"cost": 400,
		"requiredTech": "Plastics",
		"uniques": ["[+50]% Strength <vs [Barbarian] units>"],
		"promotions": ["Survivalism I", "Survivalism II"],
		"upgradesTo": "Spec Ops",
		"obsoleteTech": "Mobile Tactics",
		"attackSound": "shot"
	},
	{
		"name": "Carrier",
		"unitType": "Aircraft Carrier",
		"movement": 5,
		"strength": 40,
		"cost": 400,
		"requiredResource": "Oil",
		"requiredTech": "Electronics",
		"uniques": ["Cannot attack", "Can carry [2] [Aircraft] units", "Never appears as a Barbarian unit"]
	},
	{
		"name": "Battleship",
		"unitType": "Ranged Water",
		"movement": 5,
		"strength": 60,
		"rangedStrength": 60,
		"range": 3,
		"cost": 400,
		"requiredResource": "Oil",
		"requiredTech": "Electronics",
		"upgradesTo": "Missile Cruiser",
		"uniques": ["Destroys tile improvements when attacking", "Never appears as a Barbarian unit"],
		"promotions": ["Indirect Fire"],
		"attackSound": "shipguns"
	},
	{
		"name": "Machine Gun",
		"unitType": "Ranged Gunpowder",
		"range": 1,
		"movement": 2,
		"strength": 60,
		"rangedStrength": 60,
		"cost": 400,
		"requiredTech": "Ballistics",
		"upgradesTo": "Mechanized Infantry",
		"attackSound": "machinegun"
		// Upgrades to Bazooka in BNW
	},
	{
		"name": "Anti-Aircraft Gun",
		"unitType": "Gunpowder",
		"movement": 2,
		"interceptRange": 2,
		"strength": 50,
		"cost": 400,
		"requiredResource": "Iron",
		"requiredTech": "Ballistics",
		"upgradesTo": "Mobile SAM",
		"obsoleteTech": "Rocketry",
		"uniques": ["[100]% chance to intercept air attacks", "[+150]% Strength <vs [Air] units>", "[+150]% Strength <vs [Helicopter] units>", "Never appears as a Barbarian unit"],
		"attackSound": "machinegun"
	},
	{
		"name": "Landship",
		"unitType": "Armored",
		"movement": 4,
		"strength": 60,
		"cost": 400,
		"requiredTech": "Combustion",
		"requiredResource": "Oil",
		"upgradesTo": "Tank",
		"obsoleteTech": "Combined Arms",
		"uniques": ["Can move after attacking", "No defensive terrain bonus"],
		"attackSound": "tankshot"
	},
        {
		"name": "Jeep",
		"unitType": "Gunpowder",
		"replaces": "Landship",
		"uniqueTo": "Barbarians",
		"movement": 4,
		"strength": 45,
		"cost": 300,
		"requiredTech": "Combustion",
		"requiredResource": "Oil",
		"upgradesTo": "Mechanized Infantry",
		"promotions": ["Shock I"],
		"obsoleteTech": "Mobile Tactics",
		"uniques": ["Can move after attacking"],
		"attackSound": "machinegun"
	},
	{
		"name": "Destroyer",
		"unitType": "Melee Water",
		"movement": 6,
		"strength": 70,
		"interceptRange": 2,
		"cost": 400,
		"requiredResource": "Oil",
		"requiredTech": "Combustion",
		"uniques": ["Can see invisible [Submarine] units", "[33]% chance to intercept air attacks",
			"May withdraw before melee ([67]%)", "[+100]% Strength <vs [Submarine] units>", "Never appears as a Barbarian unit"],
		"attackSound": "shipguns"
	},

	// Atomic Era

	{
		"name": "Marine",
		"unitType": "Scout",
		"movement": 2,
		"strength": 60,
		"cost": 400,
		"requiredTech": "Pharmaceuticals",
		"promotions": ["Amphibious"],
		"upgradesTo": "Spec Ops",
		"obsoleteTech": "Mobile Tactics",
		"uniques": ["[+1] Sight <when [Embarked]>", "Defense bonus when embarked"],
		"attackSound": "shot"
	},
	{
		"name": "Fighter",
		"unitType": "Fighter",
		"movement": 1,
		"strength": 50,
		"rangedStrength": 50,
		"range": 8,
		"interceptRange": 8,
		"cost": 400,
		"requiredTech": "Radar",
		"requiredResource": "Oil",
		"upgradesTo": "Jet Fighter",
		"uniques": ["[100]% chance to intercept air attacks", "[+150]% Strength <vs [Bomber] units>", "[+150]% Strength <vs [Helicopter] units>"],
		"attackSound": "machinegun"
	},
	{
		"name": "Zero",
		"unitType": "Fighter",
		"replaces": "Fighter",
		"uniqueTo": "Japan",
		"movement": 1,
		"strength": 50,
		"rangedStrength": 50,
		"range": 8,
		"interceptRange": 8,
		"cost": 400,
		"requiredTech": "Radar",
		"upgradesTo": "Jet Fighter",
		"uniques": ["[100]% chance to intercept air attacks", "[+150]% Strength <vs [Bomber] units>", "[+150]% Strength <vs [Helicopter] units>"],
		"promotions": ["[Zero] ability"],
		"attackSound": "machinegun"
	},
	{
		"name": "Bomber",
		"unitType": "Bomber",
		"movement": 1,
		"strength": 70,
		"rangedStrength": 70,
		"range": 10,
		"cost": 400,
		"requiredTech": "Radar",
		"requiredResource": "Oil",
		"upgradesTo": "Stealth Bomber",
                "uniques": ["Destroys tile improvements when attacking"],
		"attackSound": "bombing"
	},
	{
		"name": "B17",
		"unitType": "Bomber",
		"replaces": "Bomber",
		"uniqueTo": "America",
		"movement": 1,
		"strength": 80,
		"rangedStrength": 80,
		"range": 8,
		"cost": 400,
		"requiredTech": "Radar",
		"requiredResource": "Oil",
		"promotions": ["Evasion"],
		"upgradesTo": "Stealth Bomber",
                "uniques": ["Destroys tile improvements when attacking"],
		"attackSound": "bombing"
	},
	{
		"name": "Paratrooper",
		"unitType": "Scout",
		"movement": 2,
		"strength": 60,
		"cost": 400,
		"requiredTech": "Radar",
		"upgradesTo": "Spec Ops",
		"obsoleteTech": "Mobile Tactics",
		"uniques": ["May Paradrop up to [5] tiles from inside friendly territory", "Never appears as a Barbarian unit"],
		"attackSound": "shot"
	},
	{
		"name": "Tank",
		"unitType": "Armored",
		"movement": 5,
		"strength": 70,
		"cost": 400,
		"requiredTech": "Combined Arms",
		"requiredResource": "Oil",
		"upgradesTo": "Modern Armor",
		"uniques": ["Can move after attacking","No defensive terrain bonus", "Destroys tile improvements when attacking", "Never appears as a Barbarian unit"],
		"attackSound": "tankshot"
	},
	{
		"name": "Panzer",
		"unitType": "Armored",
		"uniqueTo": "Germany",
		"replaces": "Tank",
		"movement": 5,
		"strength": 80,
		"cost": 450,
		"requiredTech": "Combined Arms",
		"requiredResource": "Oil",
		"promotions" : ["Mobility"],
		"upgradesTo": "Modern Armor",
		"uniques": ["Can move after attacking", "Destroys tile improvements when attacking", "No defensive terrain bonus"],
		"attackSound": "tankshot"
	},
	{
		"name": "Anti-Tank Gun",
		"unitType": "Gunpowder",
		"movement": 2,
		"strength": 50,
		"cost": 400,
		"requiredResource": "Iron",
		"requiredTech": "Combined Arms",
		"upgradesTo": "Helicopter Gunship",
		"uniques": ["[+100]% Strength <vs [Armored] units>", "Never appears as a Barbarian unit"],
		"attackSound": "machinegun"
	},
	{
		"name": "Atomic Bomb",
		"unitType": "Atomic Bomber",
		"movement": 1,
		"strength": 150,
		"rangedStrength": 150,
		"range": 10,
		"cost": 500,
		"requiredTech": "Nuclear Fission",
		"requiredResource": "Uranium",
		"promotions" : ["Evasion"],
		"uniques": ["Nuclear weapon of Strength [1]", "Only available <if [Manhattan Project] is constructed>", "Self-destructs when attacking",
			"Blast radius [1]"],
		"attackSound": "nuke"
		// Plane rather than a missile - can be based in city or Carrier only.
		// Can be intercepted, but must die for it not to take effect.
	},
	{
		"name": "Rocket Artillery",
		"unitType": "Siege",
		"movement": 2,
		"strength": 45,
		"rangedStrength": 60,
		"range": 3,
		"cost": 400,
		"requiredTech": "Rocketry",
		"requiredResource": "Aluminum",
		"uniques": ["[+200]% Strength <vs cities> <when attacking>","No defensive terrain bonus",
			"[-1] Sight", "Destroys tile improvements when attacking", "Never appears as a Barbarian unit"],
		"promotions": ["Indirect Fire"],
		"attackSound": "artillery"
	},
	{
		"name": "Mobile SAM",
		"unitType": "Gunpowder",
		"movement": 3,
		"interceptRange": 2,
		"strength": 70,
		"cost": 400,
		"requiredResource": "Aluminum",
		"requiredTech": "Rocketry",
		"uniques": ["[100]% chance to intercept air attacks", "[+150]% Strength <vs [Air] units>",
			"[+150]% Strength <vs [Helicopter] units>", "Can see invisible [Helicopter] units", "Never appears as a Barbarian unit"],
		"attackSound": "missile"
	},
	{
		"name": "Guided Missile",
		"unitType": "Missile",
		"movement": 1,
		"strength": 70,
		"rangedStrength": 70,
		"range": 8,
		"cost": 300,
		"requiredTech": "Advanced Ballistics",
		"uniques": ["Destroys tile improvements when attacking", "[-100]% maintenance costs"],
		"attackSound": "missile"
	},
	{
		"name": "Nuclear Missile",
		"unitType": "Missile",
		"movement": 1,
		"strength": 300,
		"rangedStrength": 300,
		"range": 12,
		"cost": 1000,
		"requiredTech": "Advanced Ballistics",
		"uniques": ["Nuclear weapon of Strength [2]", "Only available <if [Manhattan Project] is constructed>",
			"Blast radius [2]", "Consumes [2] [Uranium]"],
		"attackSound": "nuke"
	},
	{
		"name": "Helicopter Gunship",
		"unitType": "Helicopter",
		"movement": 6,
		"strength": 60,
		"cost": 400,
		"requiredTech": "Computers",
		"requiredResource": "Aluminum",
		"uniques": ["[+100]% Strength <vs [Armored] units>", "Destroys tile improvements when attacking", "No defensive terrain bonus", "Can move after attacking", "Unable to capture cities", "Never appears as a Barbarian unit"],
		"promotions":["[Helicopter] ability", "Water Mobility"],
		"attackSound": "machinegun"
	},
        {
		"name": "UAV",
		"unitType": "Helicopter",
		"range": 1,
		"movement": 4,
		"strength": 40,
		"rangedStrength": 70,
		"cost": 450,
		"requiredTech": "Computers",
		"requiredResource": "Aluminum",
		"uniques": ["Can move after attacking", "Invisible to non-adjacent units", "Can see over obstacles", "Never appears as a Barbarian unit"],
		"promotions":["[Helicopter] ability"],
		"attackSound": "jetgun"
	},

	// Information Era
	{
		"name": "Nuclear Submarine",
		"unitType": "Submarine",
		"movement": 6,
		"strength": 60,
		"range": 3,
		"rangedStrength": 85,
		"cost": 750,
		"requiredResource": "Uranium",
		"requiredTech": "Telecommunications",
		"uniques": ["[+75]% Strength <when attacking>", "Can only attack [Water] tiles", "[+1] Sight", "Can carry [2] [Missile] units", "Never appears as a Barbarian unit"],
		"attackSound": "torpedo"
	},
	{
		"name": "Mechanized Infantry",
		"unitType": "Gunpowder",
		"movement": 3,
		"strength": 90,
		"cost": 750,
		"requiredResource": "Oil",
		"requiredTech": "Mobile Tactics",
		"uniques": ["Never appears as a Barbarian unit"],
		"attackSound": "tankshot"
	},
	{
		"name": "Spec Ops",
		"unitType": "Scout",
		"movement": 2,
		"range": 1,
		"strength": 70,
		"cost": 750,
		"requiredTech": "Mobile Tactics",
		"promotions": ["Survivalism I", "Survivalism II"],
		"uniques": ["May Paradrop up to [5] tiles from inside friendly territory", "Never appears as a Barbarian unit"],
		"attackSound": "shot"
	},
	{
		"name": "Missile Cruiser",
		"unitType": "Ranged Water",
		"movement": 7,
		"strength": 80,
		"rangedStrength": 100,
		"range": 3,
		"interceptRange": 2,
		"cost": 750,
		"requiredResource": "Aluminum",
		"requiredTech": "Robotics",
		"uniques": ["[100]% chance to intercept air attacks", "Can see invisible [Submarine] units",
			"Can carry [3] [Missile] units", "[+100]% Strength <vs [Submarine] units>", "Destroys tile improvements when attacking", "Never appears as a Barbarian unit"],
		"promotions": ["Indirect Fire"],
		"attackSound": "shipguns"
	},
	{
		"name": "Modern Armor",
		"unitType": "Armored",
		"movement": 5,
		"strength": 100,
		"cost": 750,
		"requiredTech": "Lasers",
		"requiredResource": "Aluminum",
		"upgradesTo": "Giant Death Robot",
		"uniques": ["Can move after attacking", "No defensive terrain bonus", "Destroys tile improvements when attacking", "Never appears as a Barbarian unit"],
		"attackSound": "tankshot"
	},
	{
		"name": "Jet Fighter",
		"unitType": "Fighter",
		"movement": 1,
		"strength": 90,
		"rangedStrength": 90,
		"range": 10,
		"interceptRange": 10,
		"cost": 750,
		"requiredTech": "Lasers",
		"requiredResource": "Aluminum",
		"uniques": ["[100]% chance to intercept air attacks", "[+150]% Strength <vs [Bomber] units>", "[+150]% Strength <vs [Helicopter] units>"],
		"attackSound": "jetgun"
	},
	{
		"name": "Giant Death Robot",
		"unitType": "Mech",
		"movement": 4,
		"strength": 150,
		"cost": 1500,
		"requiredTech": "Advanced AI",
		"requiredResource": "Uranium",
		"uniques": ["Can move after attacking", "Destroys tile improvements when attacking", "No defensive terrain bonus", "Never appears as a Barbarian unit"],
		"promotions":["Water Mobility"],
		"attackSound": "gdrAttack"
	},
	{
		"name": "Stealth Bomber",
		"unitType": "Bomber",
		"movement": 2,
		"strength": 100,
		"rangedStrength": 100,
		"range": 20,
		"cost": 750,
		"requiredTech": "Stealth",
		"requiredResource": "Aluminum",
		"uniques": ["Damage taken from interception reduced by [90]%", "Destroys tile improvements when attacking", "Cannot be carried by [Carrier] units", "[+4] Sight", "Can see over obstacles"],
		"attackSound": "bombing"
	},
	{
		"name": "Thermonuclear Missile",
		"unitType": "Missile",
		"movement": 1,
		"strength": 500,
		"rangedStrength": 500,
		"range": 12,
		"cost": 1500,
		"requiredTech": "Nuclear Fusion",
		"uniques": ["Nuclear weapon of Strength [3]", "Only available <if [Manhattan Project] is constructed>",
			"Blast radius [3]", "Consumes [3] [Uranium]"],
		"attackSound": "nuke"
	},

	/* Great people */

	{
		"name": "Great Artist",
		"unitType": "Civilian",
		"uniques": ["Empire enters a [8]-turn Golden Age <by consuming this unit>", "Can instantly construct a [Landmark] improvement <by consuming this unit>", "Great Person - [Culture]", "Unbuildable", "Uncapturable"],
		"movement": 2
	},
	{
		"name": "Great Scientist",
		"unitType": "Civilian",
		"uniques": ["Can hurry technology research", "Can instantly construct a [Academy] improvement <by consuming this unit>", "Great Person - [Science]", "Unbuildable", "Uncapturable"],
		"movement": 2
	},
	{
		"name": "Great Merchant",
		"unitType": "Civilian",
		"uniques": ["Can undertake a trade mission with City-State, giving a large sum of gold and [30] Influence",
			"Can instantly construct a [Customs house] improvement <by consuming this unit>", "Great Person - [Gold]", "Unbuildable", "Uncapturable"],
		"movement": 2
	},
	{
		"name": "Great Navigator",
		"unitType": "Civilian",
		"uniqueTo": "Portugal",
		"replaces": "Great Merchant",
		"uniques": ["Can undertake a trade mission with City-State, giving a large sum of gold and [60] Influence",
			"Can instantly construct a [Customs house] improvement <by consuming this unit>", "[+1] Movement <when [Embarked]>", "[+1] Sight <when [Embarked]>", "Great Person - [Gold]", "Unbuildable", "Uncapturable"],
		"movement": 2
	},
	{
		"name": "Great Engineer",
		"unitType": "Civilian",
		"uniques": ["Can speed up construction of a building", "Can instantly construct a [Manufactory] improvement <by consuming this unit>", "Great Person - [Production]", "Unbuildable", "Uncapturable"],
		"movement": 2
	},
	{
		"name": "Great Prophet",
		"unitType": "Civilian",
		"uniques": [
            "Can instantly construct a [Holy site] improvement <by consuming this unit> <if it hasn't used other actions yet>",
            "Can Spread Religion <for [2] movement> <[4] times> <after which this unit is consumed>",
			"Removes other religions when spreading religion",
            "May found a religion <by consuming this unit> <if it hasn't used other actions yet>",
            "May enhance a religion <by consuming this unit>  <if it hasn't used other actions yet>",
			"May enter foreign tiles without open borders", "[-1] Sight", "Great Person - [Faith]",
			"Unbuildable", "Religious Unit", "Hidden when religion is disabled",
			"Takes your religion over the one in their birth city"],
		"movement": 2,
		"religiousStrength": 1000
	},
	{
		"name": "Great General",
		"unitType": "Civilian",
		"uniques": ["Empire enters a [8]-turn Golden Age <by consuming this unit>", "[+15]% Strength bonus for [Military] units within [2] tiles", "Can instantly construct a [Citadel] improvement <by consuming this unit>",
			"Great Person - [War]", "Unbuildable", "Uncapturable"],
		"movement": 2
	},
	{
		"name": "Khan",
		"unitType": "Civilian",
		"uniqueTo": "Mongolia",
		"replaces": "Great General",
		"uniques": ["Empire enters a [8]-turn Golden Age <by consuming this unit>", "[+15]% Strength bonus for [Military] units within [2] tiles", "[+15]% Strength bonus for [Mounted] units within [2] tiles", "[-10]% Strength for enemy [Military] units in adjacent [Land] tiles",
			"Can instantly construct a [Citadel] improvement <by consuming this unit>", "Great Person - [War]", "Unbuildable", "Uncapturable"],
		"movement": 5
	},

	/* Religious units */

	{
		"name": "Missionary",
		"unitType": "Civilian",
		"uniques": [
            "Can Spread Religion <for [4] movement> <[2] times> <after which this unit is consumed>",
            "May enter foreign tiles without open borders, but loses [250] religious strength each turn it ends there",
			"Can be purchased with [Faith] [in all cities in which the majority religion is a major religion]",
			"[-1] Sight", "Unbuildable", "Religious Unit", "Hidden when religion is disabled"],
		"movement": 4,
		"religiousStrength": 1000
	},
	{
		"name": "Inquisitor",
		"unitType": "Civilian",
		"uniques": ["Prevents spreading of religion to the city it is next to",
			"Can remove other religions from cities <in [Friendly] tiles> <once> <after which this unit is consumed>",
			"[+1] Sight", "Hidden when religion is disabled", "Unbuildable", "Religious Unit"
		],
		"movement": 3
	},

	/* Spaceship Parts */

	// Must be transported to the Capital for launch.
	// Can be destroyed by any hostile military unit walking in their tile.
	{
		"name": "SS Booster",
		"unitType": "Civilian",
		"movement": 2,
		"cost": 750,
		"requiredTech": "Advanced Ballistics",
		"requiredResource": "Aluminum",
		"uniques": ["Spaceship part", "Cannot be purchased", "Only available <if [Apollo Program] is constructed>", "Uncapturable", "Can be added to [The Spaceship] in the Capital", "Limited to [3] per Civilization"]
		// costs 1500 in BNW
	},
	{
		"name": "SS Cockpit",
		"unitType": "Civilian",
		"movement": 2,
		"cost": 750,
		"requiredTech": "Satellites",
		"requiredResource": "Aluminum",
		"uniques": ["Spaceship part", "Cannot be purchased", "Only available <if [Apollo Program] is constructed>", "Uncapturable", "Can be added to [The Spaceship] in the Capital", "Limited to [1] per Civilization"]
		// costs 1500 in BNW
	},
	{
		"name": "SS Engine",
		"unitType": "Civilian",
		"movement": 2,
		"cost": 750,
		"requiredTech": "Particle Physics",
		"requiredResource": "Aluminum",
		"uniques": ["Spaceship part", "Cannot be purchased", "Only available <if [Apollo Program] is constructed>", "Uncapturable", "Can be added to [The Spaceship] in the Capital", "Limited to [1] per Civilization"]
		// costs 1500 in BNW
	},
	{
		"name": "SS Stasis Chamber",
		"unitType": "Civilian",
		"movement": 2,
		"cost": 750,
		"requiredTech": "Nanotechnology",
		"requiredResource": "Aluminum",
		"uniques": ["Spaceship part", "Cannot be purchased", "Only available <if [Apollo Program] is constructed>", "Uncapturable", "Can be added to [The Spaceship] in the Capital", "Limited to [1] per Civilization"]
		// costs 1500 in BNW
	}
]
